INFO:     Will watch for changes in these directories: ['C:\\Users\\DELL\\Downloads\\GoogleMLKit']
INFO:     Uvicorn running on http://127.0.0.1:8000 (Press CTRL+C to quit)
INFO:     Started reloader process [23468] using WatchFiles
C:\Users\DELL\AppData\Roaming\Python\Python312\site-packages\sklearn\base.py:376: InconsistentVersionWarning: Trying to unpickle estimator TfidfVectorizer from version 1.6.1 when using version 1.4.2. This might lead to breaking code or invalid results. Use at your own risk. For more info please refer to:
https://scikit-learn.org/stable/model_persistence.html#security-maintainability-limitations
  warnings.warn(
Process SpawnProcess-1:
Traceback (most recent call last):
  File "C:\Users\DELL\Downloads\GoogleMLKit\backend\api_inference.py", line 60, in <module>
    model = joblib.load(MODEL_PATH)
            ^^^^^^^^^^^^^^^^^^^^^^^
  File "C:\Users\DELL\AppData\Roaming\Python\Python312\site-packages\joblib\numpy_pickle.py", line 658, in load
    obj = _unpickle(fobj, filename, mmap_mode)
          ^^^^^^^^^^^^^^^^^^^^^^^^^^^^^^^^^^^^
  File "C:\Users\DELL\AppData\Roaming\Python\Python312\site-packages\joblib\numpy_pickle.py", line 577, in _unpickle
    obj = unpickler.load()
          ^^^^^^^^^^^^^^^^
  File "C:\Python312\Lib\pickle.py", line 1255, in load
    dispatch[key[0]](self)
  File "C:\Python312\Lib\pickle.py", line 1580, in load_stack_global
    self.append(self.find_class(module, name))
                ^^^^^^^^^^^^^^^^^^^^^^^^^^^^^
  File "C:\Python312\Lib\pickle.py", line 1623, in find_class
    return _getattribute(sys.modules[module], name)[0]
           ^^^^^^^^^^^^^^^^^^^^^^^^^^^^^^^^^^^^^^^^
  File "C:\Python312\Lib\pickle.py", line 326, in _getattribute
    raise AttributeError("Can't get attribute {!r} on {!r}"
AttributeError: Can't get attribute '_RemainderColsList' on <module 'sklearn.compose._column_transformer' from 'C:\\Users\\DELL\\AppData\\Roaming\\Python\\Python312\\site-packages\\sklearn\\compose\\_column_transformer.py'>

During handling of the above exception, another exception occurred:

Traceback (most recent call last):
  File "C:\Python312\Lib\multiprocessing\process.py", line 314, in _bootstrap
    self.run()
  File "C:\Python312\Lib\multiprocessing\process.py", line 108, in run
    self._target(*self._args, **self._kwargs)
  File "C:\Users\DELL\AppData\Roaming\Python\Python312\site-packages\uvicorn\_subprocess.py", line 78, in subprocess_started
    target(sockets=sockets)
  File "C:\Users\DELL\AppData\Roaming\Python\Python312\site-packages\uvicorn\server.py", line 65, in run
    return asyncio.run(self.serve(sockets=sockets))
           ^^^^^^^^^^^^^^^^^^^^^^^^^^^^^^^^^^^^^^^^
  File "C:\Python312\Lib\asyncio\runners.py", line 194, in run
    return runner.run(main)
           ^^^^^^^^^^^^^^^^
  File "C:\Python312\Lib\asyncio\runners.py", line 118, in run
    return self._loop.run_until_complete(task)
           ^^^^^^^^^^^^^^^^^^^^^^^^^^^^^^^^^^^
  File "C:\Python312\Lib\asyncio\base_events.py", line 687, in run_until_complete
    return future.result()
           ^^^^^^^^^^^^^^^
  File "C:\Users\DELL\AppData\Roaming\Python\Python312\site-packages\uvicorn\server.py", line 69, in serve
    await self._serve(sockets)
  File "C:\Users\DELL\AppData\Roaming\Python\Python312\site-packages\uvicorn\server.py", line 76, in _serve
    config.load()
  File "C:\Users\DELL\AppData\Roaming\Python\Python312\site-packages\uvicorn\config.py", line 433, in load
    self.loaded_app = import_from_string(self.app)
                      ^^^^^^^^^^^^^^^^^^^^^^^^^^^^
  File "C:\Users\DELL\AppData\Roaming\Python\Python312\site-packages\uvicorn\importer.py", line 19, in import_from_string
    module = importlib.import_module(module_str)
             ^^^^^^^^^^^^^^^^^^^^^^^^^^^^^^^^^^^
  File "C:\Python312\Lib\importlib\__init__.py", line 90, in import_module
    return _bootstrap._gcd_import(name[level:], package, level)
           ^^^^^^^^^^^^^^^^^^^^^^^^^^^^^^^^^^^^^^^^^^^^^^^^^^^^
  File "<frozen importlib._bootstrap>", line 1387, in _gcd_import
  File "<frozen importlib._bootstrap>", line 1360, in _find_and_load
  File "<frozen importlib._bootstrap>", line 1331, in _find_and_load_unlocked
  File "<frozen importlib._bootstrap>", line 935, in _load_unlocked
  File "<frozen importlib._bootstrap_external>", line 995, in exec_module
  File "<frozen importlib._bootstrap>", line 488, in _call_with_frames_removed
  File "C:\Users\DELL\Downloads\GoogleMLKit\backend\api_inference.py", line 64, in <module>
    print(f"\u26a0\ufe0f  Erreur lors du chargement du modèle de classification : {e}")
  File "C:\Python312\Lib\encodings\cp1252.py", line 19, in encode
    return codecs.charmap_encode(input,self.errors,encoding_table)[0]
           ^^^^^^^^^^^^^^^^^^^^^^^^^^^^^^^^^^^^^^^^^^^^^^^^^^^^^^^
UnicodeEncodeError: 'charmap' codec can't encode characters in position 0-1: character maps to <undefined>
WARNING:  WatchFiles detected changes in 'backend\.venv\Lib\site-packages\websockets\sync\connection.py', 'backend\.venv\Lib\site-packages\websockets\uri.py', 'backend\.venv\Lib\site-packages\websockets\extensions\__init__.py', 'backend\.venv\Lib\site-packages\websockets\legacy\framing.py', 'backend\.venv\Lib\site-packages\websockets\legacy\handshake.py', 'backend\.venv\Lib\site-packages\websockets\asyncio\async_timeout.py', 'backend\.venv\Lib\site-packages\websockets\legacy\http.py', 'backend\.venv\Lib\site-packages\websockets\utils.py', 'backend\.venv\Lib\site-packages\websockets\protocol.py', 'backend\.venv\Lib\site-packages\websockets\sync\client.py', 'backend\.venv\Lib\site-packages\websockets\proxy.py', 'backend\.venv\Lib\site-packages\websockets\legacy\server.py', 'backend\.venv\Lib\site-packages\websockets\headers.py', 'backend\.venv\Lib\site-packages\websockets\cli.py', 'backend\.venv\Lib\site-packages\websockets\asyncio\router.py', 'backend\.venv\Lib\site-packages\websockets\sync\server.py', 'backend\.venv\Lib\site-packages\websockets\sync\router.py', 'backend\.venv\Lib\site-packages\websockets\sync\messages.py', 'backend\.venv\Lib\site-packages\websockets\typing.py', 'backend\.venv\Lib\site-packages\websockets\extensions\permessage_deflate.py', 'backend\.venv\Lib\site-packages\websockets\sync\utils.py', 'backend\.venv\Lib\site-packages\websockets\streams.py', 'backend\.venv\Lib\site-packages\websockets\legacy\client.py', 'backend\.venv\Lib\site-packages\websockets\auth.py', 'backend\.venv\Lib\site-packages\websockets\http.py', 'backend\.venv\Lib\site-packages\websockets\frames.py', 'backend\.venv\Lib\site-packages\websockets\legacy\auth.py', 'backend\.venv\Lib\site-packages\websockets\exceptions.py', 'backend\.venv\Lib\site-packages\websockets\server.py', 'backend\.venv\Lib\site-packages\websockets\legacy\protocol.py', 'backend\.venv\Lib\site-packages\websockets\sync\__init__.py', 'backend\.venv\Lib\site-packages\websockets\asyncio\connection.py', 'backend\.venv\Lib\site-packages\websockets\legacy\__init__.py', 'backend\.venv\Lib\site-packages\websockets\legacy\exceptions.py', 'backend\.venv\Lib\site-packages\websockets\asyncio\compatibility.py', 'backend\.venv\Lib\site-packages\websockets\connection.py', 'backend\.venv\Lib\site-packages\websockets\http11.py', 'backend\.venv\Lib\site-packages\websockets\version.py', 'backend\.venv\Lib\site-packages\websockets\imports.py', 'backend\.venv\Lib\site-packages\websockets\asyncio\server.py', 'backend\.venv\Lib\site-packages\websockets\asyncio\client.py', 'backend\.venv\Lib\site-packages\websockets\asyncio\messages.py', 'backend\.venv\Lib\site-packages\websockets\datastructures.py', 'backend\.venv\Lib\site-packages\websockets\client.py', 'backend\.venv\Lib\site-packages\websockets\asyncio\__init__.py', 'backend\.venv\Lib\site-packages\websockets\__main__.py', 'backend\.venv\Lib\site-packages\websockets\extensions\base.py', 'backend\.venv\Lib\site-packages\websockets\__init__.py'. Reloading...
WARNING:  WatchFiles detected changes in 'backend\.venv\Lib\site-packages\httptools\_version.py', 'backend\.venv\Lib\site-packages\httptools\parser\protocol.py', 'backend\.venv\Lib\site-packages\httptools\parser\__init__.py', 'backend\.venv\Lib\site-packages\httptools\parser\errors.py', 'backend\.venv\Lib\site-packages\httptools\__init__.py'. Reloading...
C:\Users\DELL\AppData\Roaming\Python\Python312\site-packages\sklearn\base.py:376: InconsistentVersionWarning: Trying to unpickle estimator TfidfVectorizer from version 1.6.1 when using version 1.4.2. This might lead to breaking code or invalid results. Use at your own risk. For more info please refer to:
https://scikit-learn.org/stable/model_persistence.html#security-maintainability-limitations
  warnings.warn(
Process SpawnProcess-2:
Traceback (most recent call last):
  File "C:\Users\DELL\Downloads\GoogleMLKit\backend\api_inference.py", line 60, in <module>
    model = joblib.load(MODEL_PATH)
            ^^^^^^^^^^^^^^^^^^^^^^^
  File "C:\Users\DELL\AppData\Roaming\Python\Python312\site-packages\joblib\numpy_pickle.py", line 658, in load
    obj = _unpickle(fobj, filename, mmap_mode)
          ^^^^^^^^^^^^^^^^^^^^^^^^^^^^^^^^^^^^
  File "C:\Users\DELL\AppData\Roaming\Python\Python312\site-packages\joblib\numpy_pickle.py", line 577, in _unpickle
    obj = unpickler.load()
          ^^^^^^^^^^^^^^^^
  File "C:\Python312\Lib\pickle.py", line 1255, in load
    dispatch[key[0]](self)
  File "C:\Python312\Lib\pickle.py", line 1580, in load_stack_global
    self.append(self.find_class(module, name))
                ^^^^^^^^^^^^^^^^^^^^^^^^^^^^^
  File "C:\Python312\Lib\pickle.py", line 1623, in find_class
    return _getattribute(sys.modules[module], name)[0]
           ^^^^^^^^^^^^^^^^^^^^^^^^^^^^^^^^^^^^^^^^
  File "C:\Python312\Lib\pickle.py", line 326, in _getattribute
    raise AttributeError("Can't get attribute {!r} on {!r}"
AttributeError: Can't get attribute '_RemainderColsList' on <module 'sklearn.compose._column_transformer' from 'C:\\Users\\DELL\\AppData\\Roaming\\Python\\Python312\\site-packages\\sklearn\\compose\\_column_transformer.py'>

During handling of the above exception, another exception occurred:

Traceback (most recent call last):
  File "C:\Python312\Lib\multiprocessing\process.py", line 314, in _bootstrap
    self.run()
  File "C:\Python312\Lib\multiprocessing\process.py", line 108, in run
    self._target(*self._args, **self._kwargs)
  File "C:\Users\DELL\AppData\Roaming\Python\Python312\site-packages\uvicorn\_subprocess.py", line 78, in subprocess_started
    target(sockets=sockets)
  File "C:\Users\DELL\AppData\Roaming\Python\Python312\site-packages\uvicorn\server.py", line 65, in run
    return asyncio.run(self.serve(sockets=sockets))
           ^^^^^^^^^^^^^^^^^^^^^^^^^^^^^^^^^^^^^^^^
  File "C:\Python312\Lib\asyncio\runners.py", line 194, in run
    return runner.run(main)
           ^^^^^^^^^^^^^^^^
  File "C:\Python312\Lib\asyncio\runners.py", line 118, in run
    return self._loop.run_until_complete(task)
           ^^^^^^^^^^^^^^^^^^^^^^^^^^^^^^^^^^^
  File "C:\Python312\Lib\asyncio\base_events.py", line 687, in run_until_complete
    return future.result()
           ^^^^^^^^^^^^^^^
  File "C:\Users\DELL\AppData\Roaming\Python\Python312\site-packages\uvicorn\server.py", line 69, in serve
    await self._serve(sockets)
  File "C:\Users\DELL\AppData\Roaming\Python\Python312\site-packages\uvicorn\server.py", line 76, in _serve
    config.load()
  File "C:\Users\DELL\AppData\Roaming\Python\Python312\site-packages\uvicorn\config.py", line 433, in load
    self.loaded_app = import_from_string(self.app)
                      ^^^^^^^^^^^^^^^^^^^^^^^^^^^^
  File "C:\Users\DELL\AppData\Roaming\Python\Python312\site-packages\uvicorn\importer.py", line 19, in import_from_string
    module = importlib.import_module(module_str)
             ^^^^^^^^^^^^^^^^^^^^^^^^^^^^^^^^^^^
  File "C:\Python312\Lib\importlib\__init__.py", line 90, in import_module
    return _bootstrap._gcd_import(name[level:], package, level)
           ^^^^^^^^^^^^^^^^^^^^^^^^^^^^^^^^^^^^^^^^^^^^^^^^^^^^
  File "<frozen importlib._bootstrap>", line 1387, in _gcd_import
  File "<frozen importlib._bootstrap>", line 1360, in _find_and_load
  File "<frozen importlib._bootstrap>", line 1331, in _find_and_load_unlocked
  File "<frozen importlib._bootstrap>", line 935, in _load_unlocked
  File "<frozen importlib._bootstrap_external>", line 995, in exec_module
  File "<frozen importlib._bootstrap>", line 488, in _call_with_frames_removed
  File "C:\Users\DELL\Downloads\GoogleMLKit\backend\api_inference.py", line 64, in <module>
    print(f"\u26a0\ufe0f  Erreur lors du chargement du modèle de classification : {e}")
  File "C:\Python312\Lib\encodings\cp1252.py", line 19, in encode
    return codecs.charmap_encode(input,self.errors,encoding_table)[0]
           ^^^^^^^^^^^^^^^^^^^^^^^^^^^^^^^^^^^^^^^^^^^^^^^^^^^^^^^
UnicodeEncodeError: 'charmap' codec can't encode characters in position 0-1: character maps to <undefined>
WARNING:  WatchFiles detected changes in 'backend\.venv\Lib\site-packages\uvicorn\supervisors\multiprocess.py', 'backend\.venv\Lib\site-packages\uvicorn\protocols\utils.py', 'backend\.venv\Lib\site-packages\watchfiles\version.py', 'backend\.venv\Lib\site-packages\uvicorn\loops\auto.py', 'backend\.venv\Lib\site-packages\uvicorn\middleware\__init__.py', 'backend\.venv\Lib\site-packages\uvicorn\loops\__init__.py', 'backend\.venv\Lib\site-packages\uvicorn\_compat.py', 'backend\.venv\Lib\site-packages\uvicorn\server.py', 'backend\.venv\Lib\site-packages\uvicorn\middleware\message_logger.py', 'backend\.venv\Lib\site-packages\uvicorn\__init__.py', 'backend\.venv\Lib\site-packages\uvicorn\protocols\http\httptools_impl.py', 'backend\.venv\Lib\site-packages\uvicorn\protocols\http\flow_control.py', 'backend\.venv\Lib\site-packages\watchfiles\__main__.py', 'backend\.venv\Lib\site-packages\watchfiles\run.py', 'backend\.venv\Lib\site-packages\uvicorn\supervisors\__init__.py', 'backend\.venv\Lib\site-packages\uvicorn\lifespan\__init__.py', 'backend\.venv\Lib\site-packages\uvicorn\middleware\wsgi.py', 'backend\.venv\Lib\site-packages\uvicorn\protocols\websockets\wsproto_impl.py', 'backend\.venv\Lib\site-packages\watchfiles\__init__.py', 'backend\.venv\Lib\site-packages\uvicorn\protocols\websockets\websockets_sansio_impl.py', 'backend\.venv\Lib\site-packages\uvicorn\loops\asyncio.py', 'backend\.venv\Lib\site-packages\uvicorn\_types.py', 'backend\.venv\Lib\site-packages\uvicorn\__main__.py', 'backend\.venv\Lib\site-packages\watchfiles\main.py', 'backend\.venv\Lib\site-packages\uvicorn\_subprocess.py', 'backend\.venv\Lib\site-packages\uvicorn\loops\uvloop.py', 'backend\.venv\Lib\site-packages\uvicorn\middleware\asgi2.py', 'backend\.venv\Lib\site-packages\uvicorn\supervisors\statreload.py', 'backend\.venv\Lib\site-packages\uvicorn\protocols\websockets\websockets_impl.py', 'backend\.venv\Lib\site-packages\uvicorn\workers.py', 'backend\.venv\Lib\site-packages\uvicorn\middleware\proxy_headers.py', 'backend\.venv\Lib\site-packages\uvicorn\config.py', 'backend\.venv\Lib\site-packages\uvicorn\protocols\http\__init__.py', 'backend\.venv\Lib\site-packages\watchfiles\filters.py', 'backend\.venv\Lib\site-packages\uvicorn\protocols\websockets\auto.py', 'backend\.venv\Lib\site-packages\uvicorn\protocols\__init__.py', 'backend\.venv\Lib\site-packages\uvicorn\protocols\http\auto.py', 'backend\.venv\Lib\site-packages\uvicorn\lifespan\off.py', 'backend\.venv\Lib\site-packages\uvicorn\main.py', 'backend\.venv\Lib\site-packages\uvicorn\protocols\websockets\__init__.py', 'backend\.venv\Lib\site-packages\uvicorn\supervisors\basereload.py', 'backend\.venv\Lib\site-packages\uvicorn\logging.py', 'backend\.venv\Lib\site-packages\uvicorn\protocols\http\h11_impl.py', 'backend\.venv\Lib\site-packages\uvicorn\importer.py', 'backend\.venv\Lib\site-packages\uvicorn\lifespan\on.py', 'backend\.venv\Lib\site-packages\uvicorn\supervisors\watchfilesreload.py', 'backend\.venv\Lib\site-packages\watchfiles\cli.py'. Reloading...
C:\Users\DELL\AppData\Roaming\Python\Python312\site-packages\sklearn\base.py:376: InconsistentVersionWarning: Trying to unpickle estimator TfidfVectorizer from version 1.6.1 when using version 1.4.2. This might lead to breaking code or invalid results. Use at your own risk. For more info please refer to:
https://scikit-learn.org/stable/model_persistence.html#security-maintainability-limitations
  warnings.warn(
Process SpawnProcess-3:
Traceback (most recent call last):
  File "C:\Users\DELL\Downloads\GoogleMLKit\backend\api_inference.py", line 60, in <module>
    model = joblib.load(MODEL_PATH)
            ^^^^^^^^^^^^^^^^^^^^^^^
  File "C:\Users\DELL\AppData\Roaming\Python\Python312\site-packages\joblib\numpy_pickle.py", line 658, in load
    obj = _unpickle(fobj, filename, mmap_mode)
          ^^^^^^^^^^^^^^^^^^^^^^^^^^^^^^^^^^^^
  File "C:\Users\DELL\AppData\Roaming\Python\Python312\site-packages\joblib\numpy_pickle.py", line 577, in _unpickle
    obj = unpickler.load()
          ^^^^^^^^^^^^^^^^
  File "C:\Python312\Lib\pickle.py", line 1255, in load
    dispatch[key[0]](self)
  File "C:\Python312\Lib\pickle.py", line 1580, in load_stack_global
    self.append(self.find_class(module, name))
                ^^^^^^^^^^^^^^^^^^^^^^^^^^^^^
  File "C:\Python312\Lib\pickle.py", line 1623, in find_class
    return _getattribute(sys.modules[module], name)[0]
           ^^^^^^^^^^^^^^^^^^^^^^^^^^^^^^^^^^^^^^^^
  File "C:\Python312\Lib\pickle.py", line 326, in _getattribute
    raise AttributeError("Can't get attribute {!r} on {!r}"
AttributeError: Can't get attribute '_RemainderColsList' on <module 'sklearn.compose._column_transformer' from 'C:\\Users\\DELL\\AppData\\Roaming\\Python\\Python312\\site-packages\\sklearn\\compose\\_column_transformer.py'>

During handling of the above exception, another exception occurred:

Traceback (most recent call last):
  File "C:\Python312\Lib\multiprocessing\process.py", line 314, in _bootstrap
    self.run()
  File "C:\Python312\Lib\multiprocessing\process.py", line 108, in run
    self._target(*self._args, **self._kwargs)
  File "C:\Users\DELL\AppData\Roaming\Python\Python312\site-packages\uvicorn\_subprocess.py", line 78, in subprocess_started
    target(sockets=sockets)
  File "C:\Users\DELL\AppData\Roaming\Python\Python312\site-packages\uvicorn\server.py", line 65, in run
    return asyncio.run(self.serve(sockets=sockets))
           ^^^^^^^^^^^^^^^^^^^^^^^^^^^^^^^^^^^^^^^^
  File "C:\Python312\Lib\asyncio\runners.py", line 194, in run
    return runner.run(main)
           ^^^^^^^^^^^^^^^^
  File "C:\Python312\Lib\asyncio\runners.py", line 118, in run
    return self._loop.run_until_complete(task)
           ^^^^^^^^^^^^^^^^^^^^^^^^^^^^^^^^^^^
  File "C:\Python312\Lib\asyncio\base_events.py", line 687, in run_until_complete
    return future.result()
           ^^^^^^^^^^^^^^^
  File "C:\Users\DELL\AppData\Roaming\Python\Python312\site-packages\uvicorn\server.py", line 69, in serve
    await self._serve(sockets)
  File "C:\Users\DELL\AppData\Roaming\Python\Python312\site-packages\uvicorn\server.py", line 76, in _serve
    config.load()
  File "C:\Users\DELL\AppData\Roaming\Python\Python312\site-packages\uvicorn\config.py", line 433, in load
    self.loaded_app = import_from_string(self.app)
                      ^^^^^^^^^^^^^^^^^^^^^^^^^^^^
  File "C:\Users\DELL\AppData\Roaming\Python\Python312\site-packages\uvicorn\importer.py", line 19, in import_from_string
    module = importlib.import_module(module_str)
             ^^^^^^^^^^^^^^^^^^^^^^^^^^^^^^^^^^^
  File "C:\Python312\Lib\importlib\__init__.py", line 90, in import_module
    return _bootstrap._gcd_import(name[level:], package, level)
           ^^^^^^^^^^^^^^^^^^^^^^^^^^^^^^^^^^^^^^^^^^^^^^^^^^^^
  File "<frozen importlib._bootstrap>", line 1387, in _gcd_import
  File "<frozen importlib._bootstrap>", line 1360, in _find_and_load
  File "<frozen importlib._bootstrap>", line 1331, in _find_and_load_unlocked
  File "<frozen importlib._bootstrap>", line 935, in _load_unlocked
  File "<frozen importlib._bootstrap_external>", line 995, in exec_module
  File "<frozen importlib._bootstrap>", line 488, in _call_with_frames_removed
  File "C:\Users\DELL\Downloads\GoogleMLKit\backend\api_inference.py", line 64, in <module>
    print(f"\u26a0\ufe0f  Erreur lors du chargement du modèle de classification : {e}")
  File "C:\Python312\Lib\encodings\cp1252.py", line 19, in encode
    return codecs.charmap_encode(input,self.errors,encoding_table)[0]
           ^^^^^^^^^^^^^^^^^^^^^^^^^^^^^^^^^^^^^^^^^^^^^^^^^^^^^^^
UnicodeEncodeError: 'charmap' codec can't encode characters in position 0-1: character maps to <undefined>
C:\Users\DELL\AppData\Roaming\Python\Python312\site-packages\sklearn\base.py:376: InconsistentVersionWarning: Trying to unpickle estimator TfidfVectorizer from version 1.6.1 when using version 1.4.2. This might lead to breaking code or invalid results. Use at your own risk. For more info please refer to:
https://scikit-learn.org/stable/model_persistence.html#security-maintainability-limitations
  warnings.warn(
Process SpawnProcess-4:
Traceback (most recent call last):
  File "C:\Users\DELL\Downloads\GoogleMLKit\backend\api_inference.py", line 60, in <module>
    model = joblib.load(MODEL_PATH)
            ^^^^^^^^^^^^^^^^^^^^^^^
  File "C:\Users\DELL\AppData\Roaming\Python\Python312\site-packages\joblib\numpy_pickle.py", line 658, in load
    obj = _unpickle(fobj, filename, mmap_mode)
          ^^^^^^^^^^^^^^^^^^^^^^^^^^^^^^^^^^^^
  File "C:\Users\DELL\AppData\Roaming\Python\Python312\site-packages\joblib\numpy_pickle.py", line 577, in _unpickle
    obj = unpickler.load()
          ^^^^^^^^^^^^^^^^
  File "C:\Python312\Lib\pickle.py", line 1255, in load
    dispatch[key[0]](self)
  File "C:\Python312\Lib\pickle.py", line 1580, in load_stack_global
    self.append(self.find_class(module, name))
                ^^^^^^^^^^^^^^^^^^^^^^^^^^^^^
  File "C:\Python312\Lib\pickle.py", line 1623, in find_class
    return _getattribute(sys.modules[module], name)[0]
           ^^^^^^^^^^^^^^^^^^^^^^^^^^^^^^^^^^^^^^^^
  File "C:\Python312\Lib\pickle.py", line 326, in _getattribute
    raise AttributeError("Can't get attribute {!r} on {!r}"
AttributeError: Can't get attribute '_RemainderColsList' on <module 'sklearn.compose._column_transformer' from 'C:\\Users\\DELL\\AppData\\Roaming\\Python\\Python312\\site-packages\\sklearn\\compose\\_column_transformer.py'>

During handling of the above exception, another exception occurred:

Traceback (most recent call last):
  File "C:\Python312\Lib\multiprocessing\process.py", line 314, in _bootstrap
    self.run()
  File "C:\Python312\Lib\multiprocessing\process.py", line 108, in run
    self._target(*self._args, **self._kwargs)
  File "C:\Users\DELL\AppData\Roaming\Python\Python312\site-packages\uvicorn\_subprocess.py", line 78, in subprocess_started
    target(sockets=sockets)
  File "C:\Users\DELL\AppData\Roaming\Python\Python312\site-packages\uvicorn\server.py", line 65, in run
    return asyncio.run(self.serve(sockets=sockets))
           ^^^^^^^^^^^^^^^^^^^^^^^^^^^^^^^^^^^^^^^^
  File "C:\Python312\Lib\asyncio\runners.py", line 194, in run
    return runner.run(main)
           ^^^^^^^^^^^^^^^^
  File "C:\Python312\Lib\asyncio\runners.py", line 118, in run
    return self._loop.run_until_complete(task)
           ^^^^^^^^^^^^^^^^^^^^^^^^^^^^^^^^^^^
  File "C:\Python312\Lib\asyncio\base_events.py", line 687, in run_until_complete
    return future.result()
           ^^^^^^^^^^^^^^^
  File "C:\Users\DELL\AppData\Roaming\Python\Python312\site-packages\uvicorn\server.py", line 69, in serve
    await self._serve(sockets)
  File "C:\Users\DELL\AppData\Roaming\Python\Python312\site-packages\uvicorn\server.py", line 76, in _serve
    config.load()
  File "C:\Users\DELL\AppData\Roaming\Python\Python312\site-packages\uvicorn\config.py", line 433, in load
    self.loaded_app = import_from_string(self.app)
                      ^^^^^^^^^^^^^^^^^^^^^^^^^^^^
  File "C:\Users\DELL\AppData\Roaming\Python\Python312\site-packages\uvicorn\importer.py", line 19, in import_from_string
    module = importlib.import_module(module_str)
             ^^^^^^^^^^^^^^^^^^^^^^^^^^^^^^^^^^^
  File "C:\Python312\Lib\importlib\__init__.py", line 90, in import_module
    return _bootstrap._gcd_import(name[level:], package, level)
           ^^^^^^^^^^^^^^^^^^^^^^^^^^^^^^^^^^^^^^^^^^^^^^^^^^^^
  File "<frozen importlib._bootstrap>", line 1387, in _gcd_import
  File "<frozen importlib._bootstrap>", line 1360, in _find_and_load
  File "<frozen importlib._bootstrap>", line 1331, in _find_and_load_unlocked
  File "<frozen importlib._bootstrap>", line 935, in _load_unlocked
  File "<frozen importlib._bootstrap_external>", line 995, in exec_module
  File "<frozen importlib._bootstrap>", line 488, in _call_with_frames_removed
  File "C:\Users\DELL\Downloads\GoogleMLKit\backend\api_inference.py", line 64, in <module>
    print(f"\u26a0\ufe0f  Erreur lors du chargement du modèle de classification : {e}")
  File "C:\Python312\Lib\encodings\cp1252.py", line 19, in encode
    return codecs.charmap_encode(input,self.errors,encoding_table)[0]
           ^^^^^^^^^^^^^^^^^^^^^^^^^^^^^^^^^^^^^^^^^^^^^^^^^^^^^^^
UnicodeEncodeError: 'charmap' codec can't encode characters in position 0-1: character maps to <undefined>
WARNING:  WatchFiles detected changes in 'backend\.venv\Lib\site-packages\sklearn\externals\_arff.py', 'backend\.venv\Lib\site-packages\sklearn\decomposition\tests\test_fastica.py', 'backend\.venv\Lib\site-packages\sklearn\experimental\tests\test_enable_hist_gradient_boosting.py', 'backend\.venv\Lib\site-packages\sklearn\decomposition\_truncated_svd.py', 'backend\.venv\Lib\site-packages\sklearn\cluster\tests\test_spectral.py', 'backend\.venv\Lib\site-packages\sklearn\kernel_ridge.py', 'backend\.venv\Lib\site-packages\sklearn\feature_selection\_from_model.py', 'backend\.venv\Lib\site-packages\sklearn\cross_decomposition\__init__.py', 'backend\.venv\Lib\site-packages\sklearn\_distributor_init.py', 'backend\.venv\Lib\site-packages\sklearn\calibration.py', 'backend\.venv\Lib\site-packages\sklearn\inspection\tests\test_partial_dependence.py', 'backend\.venv\Lib\site-packages\sklearn\ensemble\_gb.py', 'backend\.venv\Lib\site-packages\sklearn\datasets\_openml.py', 'backend\.venv\Lib\site-packages\sklearn\datasets\tests\data\openml\id_40589\__init__.py', 'backend\.venv\Lib\site-packages\sklearn\gaussian_process\tests\_mini_sequence_kernel.py', 'backend\.venv\Lib\site-packages\sklearn\cluster\tests\test_hierarchical.py', 'backend\.venv\Lib\site-packages\sklearn\feature_selection\_univariate_selection.py', 'backend\.venv\Lib\site-packages\sklearn\inspection\_plot\decision_boundary.py', 'backend\.venv\Lib\site-packages\sklearn\ensemble\_weight_boosting.py', 'backend\.venv\Lib\site-packages\sklearn\compose\_column_transformer.py', 'backend\.venv\Lib\site-packages\sklearn\datasets\data\__init__.py', 'backend\.venv\Lib\site-packages\sklearn\cluster\_feature_agglomeration.py', 'backend\.venv\Lib\site-packages\sklearn\datasets\tests\test_samples_generator.py', 'backend\.venv\Lib\site-packages\sklearn\covariance\_graph_lasso.py', 'backend\.venv\Lib\site-packages\sklearn\feature_extraction\image.py', 'backend\.venv\Lib\site-packages\sklearn\inspection\_permutation_importance.py', 'backend\.venv\Lib\site-packages\sklearn\cluster\_dbscan.py', 'backend\.venv\Lib\site-packages\sklearn\datasets\tests\data\openml\id_1119\__init__.py', 'backend\.venv\Lib\site-packages\sklearn\decomposition\tests\test_incremental_pca.py', 'backend\.venv\Lib\site-packages\sklearn\datasets\tests\data\openml\id_40966\__init__.py', 'backend\.venv\Lib\site-packages\sklearn\__check_build\__init__.py', 'backend\.venv\Lib\site-packages\sklearn\covariance\tests\test_robust_covariance.py', 'backend\.venv\Lib\site-packages\sklearn\ensemble\_hist_gradient_boosting\tests\test_grower.py', 'backend\.venv\Lib\site-packages\sklearn\__init__.py', 'backend\.venv\Lib\site-packages\sklearn\datasets\tests\__init__.py', 'backend\.venv\Lib\site-packages\sklearn\cluster\tests\test_k_means.py', 'backend\.venv\Lib\site-packages\sklearn\ensemble\tests\test_bagging.py', 'backend\.venv\Lib\site-packages\sklearn\datasets\tests\test_covtype.py', 'backend\.venv\Lib\site-packages\sklearn\naive_bayes.py', 'backend\.venv\Lib\site-packages\sklearn\impute\tests\test_knn.py', 'backend\.venv\Lib\site-packages\sklearn\cross_decomposition\tests\test_pls.py', 'backend\.venv\Lib\site-packages\sklearn\feature_selection\_rfe.py', 'backend\.venv\Lib\site-packages\sklearn\externals\_packaging\_structures.py', 'backend\.venv\Lib\site-packages\sklearn\experimental\tests\test_enable_successive_halving.py', 'backend\.venv\Lib\site-packages\sklearn\ensemble\_bagging.py', 'backend\.venv\Lib\site-packages\sklearn\ensemble\tests\test_forest.py', 'backend\.venv\Lib\site-packages\sklearn\decomposition\_pca.py', 'backend\.venv\Lib\site-packages\sklearn\cluster\tests\test_hdbscan.py', 'backend\.venv\Lib\site-packages\sklearn\ensemble\tests\test_iforest.py', 'backend\.venv\Lib\site-packages\sklearn\datasets\tests\data\openml\id_61\__init__.py', 'backend\.venv\Lib\site-packages\sklearn\cluster\tests\test_birch.py', 'backend\.venv\Lib\site-packages\sklearn\decomposition\_incremental_pca.py', 'backend\.venv\Lib\site-packages\sklearn\isotonic.py', 'backend\.venv\Lib\site-packages\sklearn\experimental\enable_iterative_imputer.py', 'backend\.venv\Lib\site-packages\sklearn\cluster\_hdbscan\hdbscan.py', 'backend\.venv\Lib\site-packages\sklearn\decomposition\_lda.py', 'backend\.venv\Lib\site-packages\sklearn\impute\_base.py', 'backend\.venv\Lib\site-packages\sklearn\decomposition\tests\test_kernel_pca.py', 'backend\.venv\Lib\site-packages\sklearn\datasets\tests\data\openml\id_40945\__init__.py', 'backend\.venv\Lib\site-packages\sklearn\datasets\tests\data\openml\id_1\__init__.py', 'backend\.venv\Lib\site-packages\sklearn\covariance\_elliptic_envelope.py', 'backend\.venv\Lib\site-packages\sklearn\decomposition\_sparse_pca.py', 'backend\.venv\Lib\site-packages\sklearn\cluster\tests\test_bicluster.py', 'backend\.venv\Lib\site-packages\sklearn\decomposition\_fastica.py', 'backend\.venv\Lib\site-packages\sklearn\datasets\tests\data\__init__.py', 'backend\.venv\Lib\site-packages\sklearn\datasets\_samples_generator.py', 'backend\.venv\Lib\site-packages\sklearn\feature_extraction\_hash.py', 'backend\.venv\Lib\site-packages\sklearn\datasets\tests\data\openml\id_292\__init__.py', 'backend\.venv\Lib\site-packages\sklearn\datasets\_species_distributions.py', 'backend\.venv\Lib\site-packages\sklearn\externals\_scipy\__init__.py', 'backend\.venv\Lib\site-packages\sklearn\decomposition\tests\test_pca.py', 'backend\.venv\Lib\site-packages\sklearn\experimental\enable_halving_search_cv.py', 'backend\.venv\Lib\site-packages\sklearn\ensemble\_hist_gradient_boosting\tests\test_splitting.py', 'backend\.venv\Lib\site-packages\sklearn\gaussian_process\tests\test_gpc.py', 'backend\.venv\Lib\site-packages\sklearn\decomposition\tests\test_online_lda.py', 'backend\.venv\Lib\site-packages\sklearn\datasets\tests\test_california_housing.py', 'backend\.venv\Lib\site-packages\sklearn\datasets\tests\data\openml\id_3\__init__.py', 'backend\.venv\Lib\site-packages\sklearn\cluster\tests\common.py', 'backend\.venv\Lib\site-packages\sklearn\gaussian_process\kernels.py', 'backend\.venv\Lib\site-packages\sklearn\multiclass.py', 'backend\.venv\Lib\site-packages\sklearn\feature_selection\tests\test_base.py', 'backend\.venv\Lib\site-packages\sklearn\externals\_scipy\sparse\csgraph\_laplacian.py', 'backend\.venv\Lib\site-packages\sklearn\cluster\_hdbscan\tests\test_reachibility.py', 'backend\.venv\Lib\site-packages\sklearn\dummy.py', 'backend\.venv\Lib\site-packages\sklearn\decomposition\tests\test_nmf.py', 'backend\.venv\Lib\site-packages\sklearn\decomposition\_dict_learning.py', 'backend\.venv\Lib\site-packages\sklearn\ensemble\_hist_gradient_boosting\tests\test_warm_start.py', 'backend\.venv\Lib\site-packages\sklearn\cluster\_bisect_k_means.py', 'backend\.venv\Lib\site-packages\sklearn\feature_selection\tests\test_variance_threshold.py', 'backend\.venv\Lib\site-packages\sklearn\cluster\tests\test_dbscan.py', 'backend\.venv\Lib\site-packages\sklearn\feature_extraction\tests\__init__.py', 'backend\.venv\Lib\site-packages\sklearn\decomposition\_nmf.py', 'backend\.venv\Lib\site-packages\sklearn\datasets\descr\__init__.py', 'backend\.venv\Lib\site-packages\sklearn\covariance\__init__.py', 'backend\.venv\Lib\site-packages\sklearn\externals\__init__.py', 'backend\.venv\Lib\site-packages\sklearn\cluster\_affinity_propagation.py', 'backend\.venv\Lib\site-packages\sklearn\externals\_packaging\__init__.py', 'backend\.venv\Lib\site-packages\sklearn\_built_with_meson.py', 'backend\.venv\Lib\site-packages\sklearn\ensemble\_hist_gradient_boosting\tests\test_gradient_boosting.py', 'backend\.venv\Lib\site-packages\sklearn\feature_selection\_base.py', 'backend\.venv\Lib\site-packages\sklearn\cluster\_bicluster.py', 'backend\.venv\Lib\site-packages\sklearn\compose\tests\test_target.py', 'backend\.venv\Lib\site-packages\sklearn\datasets\_twenty_newsgroups.py', 'backend\.venv\Lib\site-packages\sklearn\datasets\tests\test_olivetti_faces.py', 'backend\.venv\Lib\site-packages\sklearn\feature_selection\tests\__init__.py', 'backend\.venv\Lib\site-packages\sklearn\cluster\_kmeans.py', 'backend\.venv\Lib\site-packages\sklearn\frozen\tests\test_frozen.py', 'backend\.venv\Lib\site-packages\sklearn\datasets\tests\test_arff_parser.py', 'backend\.venv\Lib\site-packages\sklearn\datasets\tests\data\openml\id_42074\__init__.py', 'backend\.venv\Lib\site-packages\sklearn\inspection\_plot\__init__.py', 'backend\.venv\Lib\site-packages\sklearn\ensemble\_voting.py', 'backend\.venv\Lib\site-packages\sklearn\decomposition\tests\__init__.py', 'backend\.venv\Lib\site-packages\sklearn\datasets\_svmlight_format_io.py', 'backend\.venv\Lib\site-packages\sklearn\ensemble\_stacking.py', 'backend\.venv\Lib\site-packages\sklearn\feature_selection\_sequential.py', 'backend\.venv\Lib\site-packages\sklearn\ensemble\_hist_gradient_boosting\tests\test_monotonic_constraints.py', 'backend\.venv\Lib\site-packages\sklearn\datasets\tests\data\openml\__init__.py', 'backend\.venv\Lib\site-packages\sklearn\ensemble\_hist_gradient_boosting\binning.py', 'backend\.venv\Lib\site-packages\sklearn\cluster\_hdbscan\tests\__init__.py', 'backend\.venv\Lib\site-packages\sklearn\feature_extraction\_stop_words.py', 'backend\.venv\Lib\site-packages\sklearn\inspection\_plot\tests\test_boundary_decision_display.py', 'backend\.venv\Lib\site-packages\sklearn\inspection\__init__.py', 'backend\.venv\Lib\site-packages\sklearn\externals\_packaging\version.py', 'backend\.venv\Lib\site-packages\sklearn\feature_extraction\tests\test_feature_hasher.py', 'backend\.venv\Lib\site-packages\sklearn\feature_selection\tests\test_sequential.py', 'backend\.venv\Lib\site-packages\sklearn\ensemble\tests\test_base.py', 'backend\.venv\Lib\site-packages\sklearn\cluster\tests\test_mean_shift.py', 'backend\.venv\Lib\site-packages\sklearn\frozen\_frozen.py', 'backend\.venv\Lib\site-packages\sklearn\datasets\tests\test_20news.py', 'backend\.venv\Lib\site-packages\sklearn\datasets\tests\test_base.py', 'backend\.venv\Lib\site-packages\sklearn\cluster\tests\test_optics.py', 'backend\.venv\Lib\site-packages\sklearn\gaussian_process\tests\__init__.py', 'backend\.venv\Lib\site-packages\sklearn\inspection\tests\__init__.py', 'backend\.venv\Lib\site-packages\sklearn\cluster\__init__.py', 'backend\.venv\Lib\site-packages\sklearn\feature_selection\tests\test_rfe.py', 'backend\.venv\Lib\site-packages\sklearn\covariance\tests\test_covariance.py', 'backend\.venv\Lib\site-packages\sklearn\ensemble\_hist_gradient_boosting\__init__.py', 'backend\.venv\Lib\site-packages\sklearn\cluster\tests\__init__.py', 'backend\.venv\Lib\site-packages\sklearn\experimental\tests\__init__.py', 'backend\.venv\Lib\site-packages\sklearn\gaussian_process\_gpc.py', 'backend\.venv\Lib\site-packages\sklearn\decomposition\_base.py', 'backend\.venv\Lib\site-packages\sklearn\datasets\tests\test_lfw.py', 'backend\.venv\Lib\site-packages\sklearn\compose\tests\test_column_transformer.py', 'backend\.venv\Lib\site-packages\sklearn\decomposition\__init__.py', 'backend\.venv\Lib\site-packages\sklearn\_loss\tests\__init__.py', 'backend\.venv\Lib\site-packages\sklearn\_build_utils\version.py', 'backend\.venv\Lib\site-packages\sklearn\ensemble\tests\test_voting.py', 'backend\.venv\Lib\site-packages\sklearn\ensemble\_hist_gradient_boosting\gradient_boosting.py', 'backend\.venv\Lib\site-packages\sklearn\inspection\_plot\tests\__init__.py', 'backend\.venv\Lib\site-packages\sklearn\ensemble\_hist_gradient_boosting\tests\__init__.py', 'backend\.venv\Lib\site-packages\sklearn\pipeline.py', 'backend\.venv\Lib\site-packages\sklearn\cluster\_hdbscan\__init__.py', 'backend\.venv\Lib\site-packages\sklearn\inspection\_pd_utils.py', 'backend\.venv\Lib\site-packages\sklearn\ensemble\tests\test_gradient_boosting.py', 'backend\.venv\Lib\site-packages\sklearn\datasets\tests\test_kddcup99.py', 'backend\.venv\Lib\site-packages\sklearn\impute\tests\test_base.py', 'backend\.venv\Lib\site-packages\sklearn\feature_extraction\text.py', 'backend\.venv\Lib\site-packages\sklearn\base.py', 'backend\.venv\Lib\site-packages\sklearn\datasets\tests\test_openml.py', 'backend\.venv\Lib\site-packages\sklearn\ensemble\tests\test_weight_boosting.py', 'backend\.venv\Lib\site-packages\sklearn\covariance\_robust_covariance.py', 'backend\.venv\Lib\site-packages\sklearn\ensemble\_hist_gradient_boosting\tests\test_compare_lightgbm.py', 'backend\.venv\Lib\site-packages\sklearn\inspection\_plot\partial_dependence.py', 'backend\.venv\Lib\site-packages\sklearn\cluster\_birch.py', 'backend\.venv\Lib\site-packages\sklearn\_loss\loss.py', 'backend\.venv\Lib\site-packages\sklearn\experimental\__init__.py', 'backend\.venv\Lib\site-packages\sklearn\datasets\_kddcup99.py', 'backend\.venv\Lib\site-packages\sklearn\kernel_approximation.py', 'backend\.venv\Lib\site-packages\sklearn\externals\conftest.py', 'backend\.venv\Lib\site-packages\sklearn\exceptions.py', 'backend\.venv\Lib\site-packages\sklearn\ensemble\_forest.py', 'backend\.venv\Lib\site-packages\sklearn\ensemble\_hist_gradient_boosting\tests\test_bitset.py', 'backend\.venv\Lib\site-packages\sklearn\datasets\tests\data\openml\id_1590\__init__.py', 'backend\.venv\Lib\site-packages\sklearn\cluster\_mean_shift.py', 'backend\.venv\Lib\site-packages\sklearn\decomposition\tests\test_sparse_pca.py', 'backend\.venv\Lib\site-packages\sklearn\datasets\__init__.py', 'backend\.venv\Lib\site-packages\sklearn\conftest.py', 'backend\.venv\Lib\site-packages\sklearn\cluster\tests\test_bisect_k_means.py', 'backend\.venv\Lib\site-packages\sklearn\_build_utils\__init__.py', 'backend\.venv\Lib\site-packages\sklearn\ensemble\_hist_gradient_boosting\tests\test_binning.py', 'backend\.venv\Lib\site-packages\sklearn\compose\__init__.py', 'backend\.venv\Lib\site-packages\sklearn\cross_decomposition\_pls.py', 'backend\.venv\Lib\site-packages\sklearn\datasets\_rcv1.py', 'backend\.venv\Lib\site-packages\sklearn\feature_extraction\__init__.py', 'backend\.venv\Lib\site-packages\sklearn\gaussian_process\_gpr.py', 'backend\.venv\Lib\site-packages\sklearn\covariance\_shrunk_covariance.py', 'backend\.venv\Lib\site-packages\sklearn\feature_selection\_mutual_info.py', 'backend\.venv\Lib\site-packages\sklearn\cluster\tests\test_feature_agglomeration.py', 'backend\.venv\Lib\site-packages\sklearn\feature_extraction\tests\test_text.py', 'backend\.venv\Lib\site-packages\sklearn\impute\tests\__init__.py', 'backend\.venv\Lib\site-packages\sklearn\gaussian_process\tests\test_kernels.py', 'backend\.venv\Lib\site-packages\sklearn\cluster\_spectral.py', 'backend\.venv\Lib\site-packages\sklearn\ensemble\_base.py', 'backend\.venv\Lib\site-packages\sklearn\ensemble\__init__.py', 'backend\.venv\Lib\site-packages\sklearn\feature_extraction\tests\test_image.py', 'backend\.venv\Lib\site-packages\sklearn\_loss\link.py', 'backend\.venv\Lib\site-packages\sklearn\datasets\tests\test_svmlight_format.py', 'backend\.venv\Lib\site-packages\sklearn\impute\_iterative.py', 'backend\.venv\Lib\site-packages\sklearn\covariance\tests\__init__.py', 'backend\.venv\Lib\site-packages\sklearn\_config.py', 'backend\.venv\Lib\site-packages\sklearn\decomposition\tests\test_dict_learning.py', 'backend\.venv\Lib\site-packages\sklearn\gaussian_process\tests\test_gpr.py', 'backend\.venv\Lib\site-packages\sklearn\decomposition\_kernel_pca.py', 'backend\.venv\Lib\site-packages\sklearn\externals\_scipy\sparse\__init__.py', 'backend\.venv\Lib\site-packages\sklearn\ensemble\_hist_gradient_boosting\utils.py', 'backend\.venv\Lib\site-packages\sklearn\decomposition\tests\test_truncated_svd.py', 'backend\.venv\Lib\site-packages\sklearn\feature_extraction\_dict_vectorizer.py', 'backend\.venv\Lib\site-packages\sklearn\impute\tests\test_impute.py', 'backend\.venv\Lib\site-packages\sklearn\feature_selection\__init__.py', 'backend\.venv\Lib\site-packages\sklearn\ensemble\_hist_gradient_boosting\tests\test_histogram.py', 'backend\.venv\Lib\site-packages\sklearn\frozen\__init__.py', 'backend\.venv\Lib\site-packages\sklearn\datasets\_base.py', 'backend\.venv\Lib\site-packages\sklearn\covariance\tests\test_elliptic_envelope.py', 'backend\.venv\Lib\site-packages\sklearn\datasets\images\__init__.py', 'backend\.venv\Lib\site-packages\sklearn\compose\_target.py', 'backend\.venv\Lib\site-packages\sklearn\cluster\_agglomerative.py', 'backend\.venv\Lib\site-packages\sklearn\decomposition\_factor_analysis.py', 'backend\.venv\Lib\site-packages\sklearn\impute\_knn.py', 'backend\.venv\Lib\site-packages\sklearn\random_projection.py', 'backend\.venv\Lib\site-packages\sklearn\_min_dependencies.py', 'backend\.venv\Lib\site-packages\sklearn\inspection\_plot\tests\test_plot_partial_dependence.py', 'backend\.venv\Lib\site-packages\sklearn\ensemble\_hist_gradient_boosting\grower.py', 'backend\.venv\Lib\site-packages\sklearn\datasets\tests\test_common.py', 'backend\.venv\Lib\site-packages\sklearn\gaussian_process\__init__.py', 'backend\.venv\Lib\site-packages\sklearn\frozen\tests\__init__.py', 'backend\.venv\Lib\site-packages\sklearn\inspection\_partial_dependence.py', 'backend\.venv\Lib\site-packages\sklearn\ensemble\_iforest.py', 'backend\.venv\Lib\site-packages\sklearn\datasets\_california_housing.py', 'backend\.venv\Lib\site-packages\sklearn\discriminant_analysis.py', 'backend\.venv\Lib\site-packages\sklearn\covariance\_empirical_covariance.py', 'backend\.venv\Lib\site-packages\sklearn\_loss\tests\test_link.py', 'backend\.venv\Lib\site-packages\sklearn\feature_selection\tests\test_chi2.py', 'backend\.venv\Lib\site-packages\sklearn\compose\tests\__init__.py', 'backend\.venv\Lib\site-packages\sklearn\impute\__init__.py', 'backend\.venv\Lib\site-packages\sklearn\feature_selection\tests\test_feature_select.py', 'backend\.venv\Lib\site-packages\sklearn\cross_decomposition\tests\__init__.py', 'backend\.venv\Lib\site-packages\sklearn\ensemble\tests\__init__.py', 'backend\.venv\Lib\site-packages\sklearn\inspection\tests\test_pd_utils.py', 'backend\.venv\Lib\site-packages\sklearn\covariance\tests\test_graphical_lasso.py', 'backend\.venv\Lib\site-packages\sklearn\ensemble\tests\test_common.py', 'backend\.venv\Lib\site-packages\sklearn\multioutput.py', 'backend\.venv\Lib\site-packages\sklearn\feature_selection\tests\test_from_model.py', 'backend\.venv\Lib\site-packages\sklearn\cluster\tests\test_affinity_propagation.py', 'backend\.venv\Lib\site-packages\sklearn\ensemble\tests\test_stacking.py', 'backend\.venv\Lib\site-packages\sklearn\datasets\tests\data\openml\id_42585\__init__.py', 'backend\.venv\Lib\site-packages\sklearn\datasets\tests\data\openml\id_2\__init__.py', 'backend\.venv\Lib\site-packages\sklearn\_loss\__init__.py', 'backend\.venv\Lib\site-packages\sklearn\externals\_scipy\sparse\csgraph\__init__.py', 'backend\.venv\Lib\site-packages\sklearn\feature_selection\_variance_threshold.py', 'backend\.venv\Lib\site-packages\sklearn\cluster\_optics.py', 'backend\.venv\Lib\site-packages\sklearn\feature_extraction\tests\test_dict_vectorizer.py', 'backend\.venv\Lib\site-packages\sklearn\experimental\enable_hist_gradient_boosting.py', 'backend\.venv\Lib\site-packages\sklearn\datasets\tests\data\openml\id_561\__init__.py', 'backend\.venv\Lib\site-packages\sklearn\decomposition\tests\test_factor_analysis.py', 'backend\.venv\Lib\site-packages\sklearn\datasets\tests\test_rcv1.py', 'backend\.venv\Lib\site-packages\sklearn\_build_utils\tempita.py', 'backend\.venv\Lib\site-packages\sklearn\datasets\tests\data\openml\id_40675\__init__.py', 'backend\.venv\Lib\site-packages\sklearn\feature_selection\tests\test_mutual_info.py', 'backend\.venv\Lib\site-packages\sklearn\datasets\_olivetti_faces.py', 'backend\.venv\Lib\site-packages\sklearn\ensemble\_hist_gradient_boosting\tests\test_predictor.py', 'backend\.venv\Lib\site-packages\sklearn\datasets\_arff_parser.py', 'backend\.venv\Lib\site-packages\sklearn\datasets\_lfw.py', 'backend\.venv\Lib\site-packages\sklearn\ensemble\_hist_gradient_boosting\predictor.py', 'backend\.venv\Lib\site-packages\sklearn\impute\tests\test_common.py', 'backend\.venv\Lib\site-packages\sklearn\_loss\tests\test_loss.py', 'backend\.venv\Lib\site-packages\sklearn\datasets\tests\data\openml\id_62\__init__.py', 'backend\.venv\Lib\site-packages\sklearn\experimental\tests\test_enable_iterative_imputer.py', 'backend\.venv\Lib\site-packages\sklearn\datasets\_covtype.py'. Reloading...
WARNING:  WatchFiles detected changes in 'backend\.venv\Lib\site-packages\sklearn\linear_model\_ransac.py', 'backend\.venv\Lib\site-packages\sklearn\linear_model\tests\test_passive_aggressive.py', 'backend\.venv\Lib\site-packages\sklearn\manifold\tests\test_isomap.py', 'backend\.venv\Lib\site-packages\sklearn\manifold\tests\test_mds.py', 'backend\.venv\Lib\site-packages\sklearn\model_selection\tests\common.py', 'backend\.venv\Lib\site-packages\sklearn\linear_model\_stochastic_gradient.py', 'backend\.venv\Lib\site-packages\sklearn\manifold\tests\test_locally_linear.py', 'backend\.venv\Lib\site-packages\sklearn\metrics\tests\test_score_objects.py', 'backend\.venv\Lib\site-packages\sklearn\mixture\_base.py', 'backend\.venv\Lib\site-packages\sklearn\linear_model\tests\test_omp.py', 'backend\.venv\Lib\site-packages\sklearn\mixture\_gaussian_mixture.py', 'backend\.venv\Lib\site-packages\sklearn\linear_model\_passive_aggressive.py', 'backend\.venv\Lib\site-packages\sklearn\metrics\_scorer.py', 'backend\.venv\Lib\site-packages\sklearn\linear_model\tests\test_sparse_coordinate_descent.py', 'backend\.venv\Lib\site-packages\sklearn\linear_model\tests\test_sag.py', 'backend\.venv\Lib\site-packages\sklearn\model_selection\_plot.py', 'backend\.venv\Lib\site-packages\sklearn\model_selection\tests\test_plot.py', 'backend\.venv\Lib\site-packages\sklearn\metrics\cluster\_supervised.py', 'backend\.venv\Lib\site-packages\sklearn\metrics\cluster\_bicluster.py', 'backend\.venv\Lib\site-packages\sklearn\linear_model\_least_angle.py', 'backend\.venv\Lib\site-packages\sklearn\neighbors\_nca.py', 'backend\.venv\Lib\site-packages\sklearn\metrics\tests\__init__.py', 'backend\.venv\Lib\site-packages\sklearn\linear_model\_logistic.py', 'backend\.venv\Lib\site-packages\sklearn\mixture\__init__.py', 'backend\.venv\Lib\site-packages\sklearn\model_selection\_search_successive_halving.py', 'backend\.venv\Lib\site-packages\sklearn\metrics\_plot\precision_recall_curve.py', 'backend\.venv\Lib\site-packages\sklearn\linear_model\tests\test_theil_sen.py', 'backend\.venv\Lib\site-packages\sklearn\manifold\tests\test_spectral_embedding.py', 'backend\.venv\Lib\site-packages\sklearn\metrics\_plot\regression.py', 'backend\.venv\Lib\site-packages\sklearn\linear_model\tests\test_quantile.py', 'backend\.venv\Lib\site-packages\sklearn\linear_model\_linear_loss.py', 'backend\.venv\Lib\site-packages\sklearn\model_selection\tests\test_classification_threshold.py', 'backend\.venv\Lib\site-packages\sklearn\metrics\__init__.py', 'backend\.venv\Lib\site-packages\sklearn\metrics\tests\test_dist_metrics.py', 'backend\.venv\Lib\site-packages\sklearn\mixture\tests\__init__.py', 'backend\.venv\Lib\site-packages\sklearn\linear_model\tests\test_linear_loss.py', 'backend\.venv\Lib\site-packages\sklearn\metrics\_plot\tests\test_precision_recall_display.py', 'backend\.venv\Lib\site-packages\sklearn\linear_model\tests\test_bayes.py', 'backend\.venv\Lib\site-packages\sklearn\mixture\tests\test_bayesian_mixture.py', 'backend\.venv\Lib\site-packages\sklearn\metrics\tests\test_regression.py', 'backend\.venv\Lib\site-packages\sklearn\mixture\_bayesian_mixture.py', 'backend\.venv\Lib\site-packages\sklearn\metrics\_plot\confusion_matrix.py', 'backend\.venv\Lib\site-packages\sklearn\metrics\_pairwise_distances_reduction\_dispatcher.py', 'backend\.venv\Lib\site-packages\sklearn\model_selection\tests\test_successive_halving.py', 'backend\.venv\Lib\site-packages\sklearn\neighbors\_kde.py', 'backend\.venv\Lib\site-packages\sklearn\linear_model\_coordinate_descent.py', 'backend\.venv\Lib\site-packages\sklearn\linear_model\_sag.py', 'backend\.venv\Lib\site-packages\sklearn\metrics\cluster\tests\test_common.py', 'backend\.venv\Lib\site-packages\sklearn\manifold\tests\__init__.py', 'backend\.venv\Lib\site-packages\sklearn\linear_model\_glm\tests\__init__.py', 'backend\.venv\Lib\site-packages\sklearn\linear_model\tests\test_least_angle.py', 'backend\.venv\Lib\site-packages\sklearn\manifold\_t_sne.py', 'backend\.venv\Lib\site-packages\sklearn\metrics\tests\test_pairwise_distances_reduction.py', 'backend\.venv\Lib\site-packages\sklearn\model_selection\_search.py', 'backend\.venv\Lib\site-packages\sklearn\metrics\_regression.py', 'backend\.venv\Lib\site-packages\sklearn\neighbors\_lof.py', 'backend\.venv\Lib\site-packages\sklearn\linear_model\tests\test_huber.py', 'backend\.venv\Lib\site-packages\sklearn\linear_model\_ridge.py', 'backend\.venv\Lib\site-packages\sklearn\metrics\_plot\tests\test_common_curve_display.py', 'backend\.venv\Lib\site-packages\sklearn\metrics\_plot\__init__.py', 'backend\.venv\Lib\site-packages\sklearn\mixture\tests\test_mixture.py', 'backend\.venv\Lib\site-packages\sklearn\linear_model\_theil_sen.py', 'backend\.venv\Lib\site-packages\sklearn\metrics\_plot\tests\test_roc_curve_display.py', 'backend\.venv\Lib\site-packages\sklearn\metrics\pairwise.py', 'backend\.venv\Lib\site-packages\sklearn\metrics\tests\test_ranking.py', 'backend\.venv\Lib\site-packages\sklearn\model_selection\_classification_threshold.py', 'backend\.venv\Lib\site-packages\sklearn\linear_model\_huber.py', 'backend\.venv\Lib\site-packages\sklearn\model_selection\tests\test_split.py', 'backend\.venv\Lib\site-packages\sklearn\model_selection\tests\test_search.py', 'backend\.venv\Lib\site-packages\sklearn\neighbors\_classification.py', 'backend\.venv\Lib\site-packages\sklearn\metrics\tests\test_pairwise.py', 'backend\.venv\Lib\site-packages\sklearn\metrics\_plot\tests\test_confusion_matrix_display.py', 'backend\.venv\Lib\site-packages\sklearn\linear_model\_glm\glm.py', 'backend\.venv\Lib\site-packages\sklearn\linear_model\_glm\__init__.py', 'backend\.venv\Lib\site-packages\sklearn\metrics\_plot\tests\test_det_curve_display.py', 'backend\.venv\Lib\site-packages\sklearn\linear_model\tests\test_coordinate_descent.py', 'backend\.venv\Lib\site-packages\sklearn\linear_model\tests\test_base.py', 'backend\.venv\Lib\site-packages\sklearn\metrics\cluster\tests\__init__.py', 'backend\.venv\Lib\site-packages\sklearn\neighbors\_base.py', 'backend\.venv\Lib\site-packages\sklearn\metrics\tests\test_common.py', 'backend\.venv\Lib\site-packages\sklearn\linear_model\tests\test_logistic.py', 'backend\.venv\Lib\site-packages\sklearn\linear_model\_quantile.py', 'backend\.venv\Lib\site-packages\sklearn\metrics\_plot\tests\__init__.py', 'backend\.venv\Lib\site-packages\sklearn\linear_model\tests\test_ransac.py', 'backend\.venv\Lib\site-packages\sklearn\linear_model\_perceptron.py', 'backend\.venv\Lib\site-packages\sklearn\metrics\cluster\__init__.py', 'backend\.venv\Lib\site-packages\sklearn\metrics\_ranking.py', 'backend\.venv\Lib\site-packages\sklearn\linear_model\tests\__init__.py', 'backend\.venv\Lib\site-packages\sklearn\linear_model\tests\test_common.py', 'backend\.venv\Lib\site-packages\sklearn\metrics\_plot\roc_curve.py', 'backend\.venv\Lib\site-packages\sklearn\model_selection\tests\test_validation.py', 'backend\.venv\Lib\site-packages\sklearn\metrics\cluster\tests\test_supervised.py', 'backend\.venv\Lib\site-packages\sklearn\manifold\__init__.py', 'backend\.venv\Lib\site-packages\sklearn\mixture\tests\test_gaussian_mixture.py', 'backend\.venv\Lib\site-packages\sklearn\manifold\tests\test_t_sne.py', 'backend\.venv\Lib\site-packages\sklearn\linear_model\tests\test_ridge.py', 'backend\.venv\Lib\site-packages\sklearn\linear_model\__init__.py', 'backend\.venv\Lib\site-packages\sklearn\linear_model\tests\test_sgd.py', 'backend\.venv\Lib\site-packages\sklearn\neighbors\__init__.py', 'backend\.venv\Lib\site-packages\sklearn\neighbors\_graph.py', 'backend\.venv\Lib\site-packages\sklearn\linear_model\_omp.py', 'backend\.venv\Lib\site-packages\sklearn\metrics\_classification.py', 'backend\.venv\Lib\site-packages\sklearn\metrics\cluster\tests\test_unsupervised.py', 'backend\.venv\Lib\site-packages\sklearn\manifold\_spectral_embedding.py', 'backend\.venv\Lib\site-packages\sklearn\metrics\_plot\det_curve.py', 'backend\.venv\Lib\site-packages\sklearn\metrics\cluster\_unsupervised.py', 'backend\.venv\Lib\site-packages\sklearn\model_selection\__init__.py', 'backend\.venv\Lib\site-packages\sklearn\manifold\_mds.py', 'backend\.venv\Lib\site-packages\sklearn\manifold\_isomap.py', 'backend\.venv\Lib\site-packages\sklearn\model_selection\_validation.py', 'backend\.venv\Lib\site-packages\sklearn\metrics\tests\test_classification.py', 'backend\.venv\Lib\site-packages\sklearn\linear_model\_glm\tests\test_glm.py', 'backend\.venv\Lib\site-packages\sklearn\linear_model\_bayes.py', 'backend\.venv\Lib\site-packages\sklearn\metrics\_base.py', 'backend\.venv\Lib\site-packages\sklearn\metrics\_pairwise_distances_reduction\__init__.py', 'backend\.venv\Lib\site-packages\sklearn\metrics\cluster\tests\test_bicluster.py', 'backend\.venv\Lib\site-packages\sklearn\model_selection\_split.py', 'backend\.venv\Lib\site-packages\sklearn\neighbors\_nearest_centroid.py', 'backend\.venv\Lib\site-packages\sklearn\manifold\_locally_linear.py', 'backend\.venv\Lib\site-packages\sklearn\model_selection\tests\__init__.py', 'backend\.venv\Lib\site-packages\sklearn\linear_model\_glm\_newton_solver.py', 'backend\.venv\Lib\site-packages\sklearn\linear_model\tests\test_perceptron.py', 'backend\.venv\Lib\site-packages\sklearn\metrics\_plot\tests\test_predict_error_display.py', 'backend\.venv\Lib\site-packages\sklearn\inspection\tests\test_permutation_importance.py', 'backend\.venv\Lib\site-packages\sklearn\linear_model\_base.py'. Reloading...
C:\Users\DELL\AppData\Roaming\Python\Python312\site-packages\sklearn\base.py:376: InconsistentVersionWarning: Trying to unpickle estimator TfidfVectorizer from version 1.6.1 when using version 1.4.2. This might lead to breaking code or invalid results. Use at your own risk. For more info please refer to:
https://scikit-learn.org/stable/model_persistence.html#security-maintainability-limitations
  warnings.warn(
Process SpawnProcess-5:
Traceback (most recent call last):
  File "C:\Users\DELL\Downloads\GoogleMLKit\backend\api_inference.py", line 60, in <module>
    model = joblib.load(MODEL_PATH)
            ^^^^^^^^^^^^^^^^^^^^^^^
  File "C:\Users\DELL\AppData\Roaming\Python\Python312\site-packages\joblib\numpy_pickle.py", line 658, in load
    obj = _unpickle(fobj, filename, mmap_mode)
          ^^^^^^^^^^^^^^^^^^^^^^^^^^^^^^^^^^^^
  File "C:\Users\DELL\AppData\Roaming\Python\Python312\site-packages\joblib\numpy_pickle.py", line 577, in _unpickle
    obj = unpickler.load()
          ^^^^^^^^^^^^^^^^
  File "C:\Python312\Lib\pickle.py", line 1255, in load
    dispatch[key[0]](self)
  File "C:\Python312\Lib\pickle.py", line 1580, in load_stack_global
    self.append(self.find_class(module, name))
                ^^^^^^^^^^^^^^^^^^^^^^^^^^^^^
  File "C:\Python312\Lib\pickle.py", line 1623, in find_class
    return _getattribute(sys.modules[module], name)[0]
           ^^^^^^^^^^^^^^^^^^^^^^^^^^^^^^^^^^^^^^^^
  File "C:\Python312\Lib\pickle.py", line 326, in _getattribute
    raise AttributeError("Can't get attribute {!r} on {!r}"
AttributeError: Can't get attribute '_RemainderColsList' on <module 'sklearn.compose._column_transformer' from 'C:\\Users\\DELL\\AppData\\Roaming\\Python\\Python312\\site-packages\\sklearn\\compose\\_column_transformer.py'>

During handling of the above exception, another exception occurred:

Traceback (most recent call last):
  File "C:\Python312\Lib\multiprocessing\process.py", line 314, in _bootstrap
    self.run()
  File "C:\Python312\Lib\multiprocessing\process.py", line 108, in run
    self._target(*self._args, **self._kwargs)
  File "C:\Users\DELL\AppData\Roaming\Python\Python312\site-packages\uvicorn\_subprocess.py", line 78, in subprocess_started
    target(sockets=sockets)
  File "C:\Users\DELL\AppData\Roaming\Python\Python312\site-packages\uvicorn\server.py", line 65, in run
    return asyncio.run(self.serve(sockets=sockets))
           ^^^^^^^^^^^^^^^^^^^^^^^^^^^^^^^^^^^^^^^^
  File "C:\Python312\Lib\asyncio\runners.py", line 194, in run
    return runner.run(main)
           ^^^^^^^^^^^^^^^^
  File "C:\Python312\Lib\asyncio\runners.py", line 118, in run
    return self._loop.run_until_complete(task)
           ^^^^^^^^^^^^^^^^^^^^^^^^^^^^^^^^^^^
  File "C:\Python312\Lib\asyncio\base_events.py", line 687, in run_until_complete
    return future.result()
           ^^^^^^^^^^^^^^^
  File "C:\Users\DELL\AppData\Roaming\Python\Python312\site-packages\uvicorn\server.py", line 69, in serve
    await self._serve(sockets)
  File "C:\Users\DELL\AppData\Roaming\Python\Python312\site-packages\uvicorn\server.py", line 76, in _serve
    config.load()
  File "C:\Users\DELL\AppData\Roaming\Python\Python312\site-packages\uvicorn\config.py", line 433, in load
    self.loaded_app = import_from_string(self.app)
                      ^^^^^^^^^^^^^^^^^^^^^^^^^^^^
  File "C:\Users\DELL\AppData\Roaming\Python\Python312\site-packages\uvicorn\importer.py", line 19, in import_from_string
    module = importlib.import_module(module_str)
             ^^^^^^^^^^^^^^^^^^^^^^^^^^^^^^^^^^^
  File "C:\Python312\Lib\importlib\__init__.py", line 90, in import_module
    return _bootstrap._gcd_import(name[level:], package, level)
           ^^^^^^^^^^^^^^^^^^^^^^^^^^^^^^^^^^^^^^^^^^^^^^^^^^^^
  File "<frozen importlib._bootstrap>", line 1387, in _gcd_import
  File "<frozen importlib._bootstrap>", line 1360, in _find_and_load
  File "<frozen importlib._bootstrap>", line 1331, in _find_and_load_unlocked
  File "<frozen importlib._bootstrap>", line 935, in _load_unlocked
  File "<frozen importlib._bootstrap_external>", line 995, in exec_module
  File "<frozen importlib._bootstrap>", line 488, in _call_with_frames_removed
  File "C:\Users\DELL\Downloads\GoogleMLKit\backend\api_inference.py", line 64, in <module>
    print(f"\u26a0\ufe0f  Erreur lors du chargement du modèle de classification : {e}")
  File "C:\Python312\Lib\encodings\cp1252.py", line 19, in encode
    return codecs.charmap_encode(input,self.errors,encoding_table)[0]
           ^^^^^^^^^^^^^^^^^^^^^^^^^^^^^^^^^^^^^^^^^^^^^^^^^^^^^^^
UnicodeEncodeError: 'charmap' codec can't encode characters in position 0-1: character maps to <undefined>
WARNING:  WatchFiles detected changes in 'backend\.venv\Lib\site-packages\sklearn\svm\tests\test_svm.py', 'backend\.venv\Lib\site-packages\sklearn\neural_network\tests\test_mlp.py', 'backend\.venv\Lib\site-packages\sklearn\tests\test_kernel_approximation.py', 'backend\.venv\Lib\site-packages\sklearn\utils\_tags.py', 'backend\.venv\Lib\site-packages\sklearn\svm\_base.py', 'backend\.venv\Lib\site-packages\sklearn\utils\_available_if.py', 'backend\.venv\Lib\site-packages\sklearn\utils\_plotting.py', 'backend\.venv\Lib\site-packages\sklearn\utils\_user_interface.py', 'backend\.venv\Lib\site-packages\sklearn\utils\tests\test_weight_vector.py', 'backend\.venv\Lib\site-packages\sklearn\neighbors\tests\test_graph.py', 'backend\.venv\Lib\site-packages\sklearn\tests\test_build.py', 'backend\.venv\Lib\site-packages\sklearn\preprocessing\_data.py', 'backend\.venv\Lib\site-packages\sklearn\tests\test_multioutput.py', 'backend\.venv\Lib\site-packages\sklearn\utils\metadata_routing.py', 'backend\.venv\Lib\site-packages\sklearn\utils\tests\test_show_versions.py', 'backend\.venv\Lib\site-packages\sklearn\utils\parallel.py', 'backend\.venv\Lib\site-packages\sklearn\tests\test_docstring_parameters.py', 'backend\.venv\Lib\site-packages\sklearn\semi_supervised\_self_training.py', 'backend\.venv\Lib\site-packages\sklearn\utils\tests\test_parallel.py', 'backend\.venv\Lib\site-packages\sklearn\utils\tests\test_arpack.py', 'backend\.venv\Lib\site-packages\sklearn\utils\tests\test_response.py', 'backend\.venv\Lib\site-packages\sklearn\tests\test_metadata_routing.py', 'backend\.venv\Lib\site-packages\sklearn\utils\tests\test_cython_blas.py', 'backend\.venv\Lib\site-packages\sklearn\svm\__init__.py', 'backend\.venv\Lib\site-packages\sklearn\utils\_set_output.py', 'backend\.venv\Lib\site-packages\sklearn\utils\_estimator_html_repr.py', 'backend\.venv\Lib\site-packages\sklearn\neural_network\_stochastic_optimizers.py', 'backend\.venv\Lib\site-packages\sklearn\neighbors\tests\test_kd_tree.py', 'backend\.venv\Lib\site-packages\sklearn\tests\test_isotonic.py', 'backend\.venv\Lib\site-packages\sklearn\utils\estimator_checks.py', 'backend\.venv\Lib\site-packages\sklearn\tests\test_init.py', 'backend\.venv\Lib\site-packages\sklearn\utils\_array_api.py', 'backend\.venv\Lib\site-packages\sklearn\utils\tests\test_metaestimators.py', 'backend\.venv\Lib\site-packages\sklearn\utils\tests\test_param_validation.py', 'backend\.venv\Lib\site-packages\sklearn\svm\tests\__init__.py', 'backend\.venv\Lib\site-packages\sklearn\neighbors\tests\test_kde.py', 'backend\.venv\Lib\site-packages\sklearn\utils\extmath.py', 'backend\.venv\Lib\site-packages\sklearn\utils\tests\test_deprecation.py', 'backend\.venv\Lib\site-packages\sklearn\tests\test_check_build.py', 'backend\.venv\Lib\site-packages\sklearn\utils\_indexing.py', 'backend\.venv\Lib\site-packages\sklearn\utils\_joblib.py', 'backend\.venv\Lib\site-packages\sklearn\utils\_param_validation.py', 'backend\.venv\Lib\site-packages\sklearn\preprocessing\_target_encoder.py', 'backend\.venv\Lib\site-packages\sklearn\neighbors\tests\test_nca.py', 'backend\.venv\Lib\site-packages\sklearn\semi_supervised\__init__.py', 'backend\.venv\Lib\site-packages\sklearn\neighbors\tests\test_nearest_centroid.py', 'backend\.venv\Lib\site-packages\sklearn\neural_network\tests\__init__.py', 'backend\.venv\Lib\site-packages\sklearn\tests\test_common.py', 'backend\.venv\Lib\site-packages\sklearn\preprocessing\tests\test_label.py', 'backend\.venv\Lib\site-packages\sklearn\utils\_metadata_requests.py', 'backend\.venv\Lib\site-packages\sklearn\utils\__init__.py', 'backend\.venv\Lib\site-packages\sklearn\tests\test_dummy.py', 'backend\.venv\Lib\site-packages\sklearn\neural_network\tests\test_rbm.py', 'backend\.venv\Lib\site-packages\sklearn\tests\test_docstrings.py', 'backend\.venv\Lib\site-packages\sklearn\utils\tests\test_shortest_path.py', 'backend\.venv\Lib\site-packages\sklearn\utils\tests\__init__.py', 'backend\.venv\Lib\site-packages\sklearn\preprocessing\tests\test_function_transformer.py', 'backend\.venv\Lib\site-packages\sklearn\utils\tests\test_multiclass.py', 'backend\.venv\Lib\site-packages\sklearn\utils\_encode.py', 'backend\.venv\Lib\site-packages\sklearn\tests\__init__.py', 'backend\.venv\Lib\site-packages\sklearn\tests\metadata_routing_common.py', 'backend\.venv\Lib\site-packages\sklearn\utils\tests\test_encode.py', 'backend\.venv\Lib\site-packages\sklearn\tests\test_kernel_ridge.py', 'backend\.venv\Lib\site-packages\sklearn\utils\tests\test_estimator_checks.py', 'backend\.venv\Lib\site-packages\sklearn\preprocessing\tests\test_common.py', 'backend\.venv\Lib\site-packages\sklearn\utils\_mocking.py', 'backend\.venv\Lib\site-packages\sklearn\utils\_chunking.py', 'backend\.venv\Lib\site-packages\sklearn\tests\test_discriminant_analysis.py', 'backend\.venv\Lib\site-packages\sklearn\utils\_response.py', 'backend\.venv\Lib\site-packages\sklearn\utils\_testing.py', 'backend\.venv\Lib\site-packages\sklearn\utils\_show_versions.py', 'backend\.venv\Lib\site-packages\sklearn\neighbors\tests\test_ball_tree.py', 'backend\.venv\Lib\site-packages\sklearn\neighbors\tests\test_neighbors_tree.py', 'backend\.venv\Lib\site-packages\sklearn\utils\optimize.py', 'backend\.venv\Lib\site-packages\sklearn\utils\tests\test_missing.py', 'backend\.venv\Lib\site-packages\sklearn\utils\tests\test_stats.py', 'backend\.venv\Lib\site-packages\sklearn\neighbors\tests\__init__.py', 'backend\.venv\Lib\site-packages\sklearn\utils\discovery.py', 'backend\.venv\Lib\site-packages\sklearn\utils\tests\test_mask.py', 'backend\.venv\Lib\site-packages\sklearn\utils\tests\test_graph.py', 'backend\.venv\Lib\site-packages\sklearn\utils\tests\test_murmurhash.py', 'backend\.venv\Lib\site-packages\sklearn\preprocessing\tests\test_data.py', 'backend\.venv\Lib\site-packages\sklearn\preprocessing\_encoders.py', 'backend\.venv\Lib\site-packages\sklearn\tests\test_base.py', 'backend\.venv\Lib\site-packages\sklearn\utils\random.py', 'backend\.venv\Lib\site-packages\sklearn\neighbors\tests\test_neighbors_pipeline.py', 'backend\.venv\Lib\site-packages\sklearn\utils\tests\test_class_weight.py', 'backend\.venv\Lib\site-packages\sklearn\tests\test_multiclass.py', 'backend\.venv\Lib\site-packages\sklearn\svm\tests\test_sparse.py', 'backend\.venv\Lib\site-packages\sklearn\tests\test_calibration.py', 'backend\.venv\Lib\site-packages\sklearn\utils\class_weight.py', 'backend\.venv\Lib\site-packages\sklearn\utils\multiclass.py', 'backend\.venv\Lib\site-packages\sklearn\utils\_optional_dependencies.py', 'backend\.venv\Lib\site-packages\sklearn\neural_network\_base.py', 'backend\.venv\Lib\site-packages\sklearn\utils\fixes.py', 'backend\.venv\Lib\site-packages\sklearn\utils\tests\test_estimator_html_repr.py', 'backend\.venv\Lib\site-packages\sklearn\utils\tests\test_mocking.py', 'backend\.venv\Lib\site-packages\sklearn\tests\test_config.py', 'backend\.venv\Lib\site-packages\sklearn\tree\tests\test_export.py', 'backend\.venv\Lib\site-packages\sklearn\utils\tests\test_random.py', 'backend\.venv\Lib\site-packages\sklearn\tests\test_pipeline.py', 'backend\.venv\Lib\site-packages\sklearn\utils\tests\test_fast_dict.py', 'backend\.venv\Lib\site-packages\sklearn\tree\tests\test_tree.py', 'backend\.venv\Lib\site-packages\sklearn\utils\tests\test_plotting.py', 'backend\.venv\Lib\site-packages\sklearn\preprocessing\tests\__init__.py', 'backend\.venv\Lib\site-packages\sklearn\utils\tests\test_utils.py', 'backend\.venv\Lib\site-packages\sklearn\preprocessing\tests\test_encoders.py', 'backend\.venv\Lib\site-packages\sklearn\utils\tests\test_testing.py', 'backend\.venv\Lib\site-packages\sklearn\preprocessing\tests\test_target_encoder.py', 'backend\.venv\Lib\site-packages\sklearn\utils\deprecation.py', 'backend\.venv\Lib\site-packages\sklearn\semi_supervised\tests\__init__.py', 'backend\.venv\Lib\site-packages\sklearn\preprocessing\_polynomial.py', 'backend\.venv\Lib\site-packages\sklearn\neighbors\_unsupervised.py', 'backend\.venv\Lib\site-packages\sklearn\tree\_classes.py', 'backend\.venv\Lib\site-packages\sklearn\neural_network\_multilayer_perceptron.py', 'backend\.venv\Lib\site-packages\sklearn\svm\tests\test_bounds.py', 'backend\.venv\Lib\site-packages\sklearn\utils\graph.py', 'backend\.venv\Lib\site-packages\sklearn\tests\test_metaestimators_metadata_routing.py', 'backend\.venv\Lib\site-packages\sklearn\utils\tests\test_typedefs.py', 'backend\.venv\Lib\site-packages\sklearn\utils\tests\test_validation.py', 'backend\.venv\Lib\site-packages\sklearn\tree\tests\test_monotonic_tree.py', 'backend\.venv\Lib\site-packages\sklearn\semi_supervised\_label_propagation.py', 'backend\.venv\Lib\site-packages\sklearn\utils\tests\test_unique.py', 'backend\.venv\Lib\site-packages\sklearn\utils\tests\test_user_interface.py', 'backend\.venv\Lib\site-packages\sklearn\utils\_pprint.py', 'backend\.venv\Lib\site-packages\sklearn\neural_network\__init__.py', 'backend\.venv\Lib\site-packages\sklearn\tree\__init__.py', 'backend\.venv\Lib\site-packages\sklearn\utils\_unique.py', 'backend\.venv\Lib\site-packages\sklearn\utils\_mask.py', 'backend\.venv\Lib\site-packages\sklearn\svm\_bounds.py', 'backend\.venv\Lib\site-packages\sklearn\preprocessing\__init__.py', 'backend\.venv\Lib\site-packages\sklearn\preprocessing\tests\test_polynomial.py', 'backend\.venv\Lib\site-packages\sklearn\utils\tests\test_bunch.py', 'backend\.venv\Lib\site-packages\sklearn\utils\stats.py', 'backend\.venv\Lib\site-packages\sklearn\utils\_test_common\__init__.py', 'backend\.venv\Lib\site-packages\sklearn\tree\_reingold_tilford.py', 'backend\.venv\Lib\site-packages\sklearn\utils\tests\test_indexing.py', 'backend\.venv\Lib\site-packages\sklearn\utils\tests\test_arrayfuncs.py', 'backend\.venv\Lib\site-packages\sklearn\utils\tests\test_optimize.py', 'backend\.venv\Lib\site-packages\sklearn\neighbors\tests\test_lof.py', 'backend\.venv\Lib\site-packages\sklearn\neural_network\tests\test_base.py', 'backend\.venv\Lib\site-packages\sklearn\utils\_bunch.py', 'backend\.venv\Lib\site-packages\sklearn\utils\tests\test_array_api.py', 'backend\.venv\Lib\site-packages\sklearn\tests\test_public_functions.py', 'backend\.venv\Lib\site-packages\sklearn\tree\_export.py', 'backend\.venv\Lib\site-packages\sklearn\tests\test_naive_bayes.py', 'backend\.venv\Lib\site-packages\sklearn\utils\tests\test_extmath.py', 'backend\.venv\Lib\site-packages\sklearn\utils\tests\test_chunking.py', 'backend\.venv\Lib\site-packages\sklearn\preprocessing\tests\test_discretization.py', 'backend\.venv\Lib\site-packages\sklearn\tree\tests\test_reingold_tilford.py', 'backend\.venv\Lib\site-packages\sklearn\utils\_test_common\instance_generator.py', 'backend\.venv\Lib\site-packages\sklearn\utils\_missing.py', 'backend\.venv\Lib\site-packages\sklearn\utils\sparsefuncs.py', 'backend\.venv\Lib\site-packages\sklearn\utils\tests\test_sparsefuncs.py', 'backend\.venv\Lib\site-packages\sklearn\utils\tests\test_fixes.py', 'backend\.venv\Lib\site-packages\sklearn\semi_supervised\tests\test_label_propagation.py', 'backend\.venv\Lib\site-packages\sklearn\tree\tests\__init__.py', 'backend\.venv\Lib\site-packages\sklearn\utils\tests\test_pprint.py', 'backend\.venv\Lib\site-packages\sklearn\tests\test_random_projection.py', 'backend\.venv\Lib\site-packages\sklearn\utils\metaestimators.py', 'backend\.venv\Lib\site-packages\sklearn\utils\tests\test_tags.py', 'backend\.venv\Lib\site-packages\sklearn\semi_supervised\tests\test_self_training.py', 'backend\.venv\Lib\site-packages\sklearn\tests\test_min_dependencies_readme.py', 'backend\.venv\Lib\site-packages\sklearn\preprocessing\_function_transformer.py', 'backend\.venv\Lib\site-packages\sklearn\utils\_arpack.py', 'backend\.venv\Lib\site-packages\sklearn\utils\validation.py', 'backend\.venv\Lib\site-packages\sklearn\neighbors\tests\test_neighbors.py', 'backend\.venv\Lib\site-packages\sklearn\neural_network\tests\test_stochastic_optimizers.py', 'backend\.venv\Lib\site-packages\sklearn\neighbors\tests\test_quad_tree.py', 'backend\.venv\Lib\site-packages\sklearn\preprocessing\_discretization.py', 'backend\.venv\Lib\site-packages\sklearn\utils\tests\test_seq_dataset.py', 'backend\.venv\Lib\site-packages\sklearn\tests\test_metaestimators.py', 'backend\.venv\Lib\site-packages\sklearn\neural_network\_rbm.py', 'backend\.venv\Lib\site-packages\sklearn\utils\tests\test_set_output.py', 'backend\.venv\Lib\site-packages\sklearn\svm\_classes.py', 'backend\.venv\Lib\site-packages\sklearn\neighbors\_regression.py', 'backend\.venv\Lib\site-packages\sklearn\preprocessing\_label.py'. Reloading...
C:\Users\DELL\AppData\Roaming\Python\Python312\site-packages\sklearn\base.py:376: InconsistentVersionWarning: Trying to unpickle estimator TfidfVectorizer from version 1.6.1 when using version 1.4.2. This might lead to breaking code or invalid results. Use at your own risk. For more info please refer to:
https://scikit-learn.org/stable/model_persistence.html#security-maintainability-limitations
  warnings.warn(
Process SpawnProcess-6:
Traceback (most recent call last):
  File "C:\Users\DELL\Downloads\GoogleMLKit\backend\api_inference.py", line 60, in <module>
    model = joblib.load(MODEL_PATH)
            ^^^^^^^^^^^^^^^^^^^^^^^
  File "C:\Users\DELL\AppData\Roaming\Python\Python312\site-packages\joblib\numpy_pickle.py", line 658, in load
    obj = _unpickle(fobj, filename, mmap_mode)
          ^^^^^^^^^^^^^^^^^^^^^^^^^^^^^^^^^^^^
  File "C:\Users\DELL\AppData\Roaming\Python\Python312\site-packages\joblib\numpy_pickle.py", line 577, in _unpickle
    obj = unpickler.load()
          ^^^^^^^^^^^^^^^^
  File "C:\Python312\Lib\pickle.py", line 1255, in load
    dispatch[key[0]](self)
  File "C:\Python312\Lib\pickle.py", line 1580, in load_stack_global
    self.append(self.find_class(module, name))
                ^^^^^^^^^^^^^^^^^^^^^^^^^^^^^
  File "C:\Python312\Lib\pickle.py", line 1623, in find_class
    return _getattribute(sys.modules[module], name)[0]
           ^^^^^^^^^^^^^^^^^^^^^^^^^^^^^^^^^^^^^^^^
  File "C:\Python312\Lib\pickle.py", line 326, in _getattribute
    raise AttributeError("Can't get attribute {!r} on {!r}"
AttributeError: Can't get attribute '_RemainderColsList' on <module 'sklearn.compose._column_transformer' from 'C:\\Users\\DELL\\AppData\\Roaming\\Python\\Python312\\site-packages\\sklearn\\compose\\_column_transformer.py'>

During handling of the above exception, another exception occurred:

Traceback (most recent call last):
  File "C:\Python312\Lib\multiprocessing\process.py", line 314, in _bootstrap
    self.run()
  File "C:\Python312\Lib\multiprocessing\process.py", line 108, in run
    self._target(*self._args, **self._kwargs)
  File "C:\Users\DELL\AppData\Roaming\Python\Python312\site-packages\uvicorn\_subprocess.py", line 78, in subprocess_started
    target(sockets=sockets)
  File "C:\Users\DELL\AppData\Roaming\Python\Python312\site-packages\uvicorn\server.py", line 65, in run
    return asyncio.run(self.serve(sockets=sockets))
           ^^^^^^^^^^^^^^^^^^^^^^^^^^^^^^^^^^^^^^^^
  File "C:\Python312\Lib\asyncio\runners.py", line 194, in run
    return runner.run(main)
           ^^^^^^^^^^^^^^^^
  File "C:\Python312\Lib\asyncio\runners.py", line 118, in run
    return self._loop.run_until_complete(task)
           ^^^^^^^^^^^^^^^^^^^^^^^^^^^^^^^^^^^
  File "C:\Python312\Lib\asyncio\base_events.py", line 687, in run_until_complete
    return future.result()
           ^^^^^^^^^^^^^^^
  File "C:\Users\DELL\AppData\Roaming\Python\Python312\site-packages\uvicorn\server.py", line 69, in serve
    await self._serve(sockets)
  File "C:\Users\DELL\AppData\Roaming\Python\Python312\site-packages\uvicorn\server.py", line 76, in _serve
    config.load()
  File "C:\Users\DELL\AppData\Roaming\Python\Python312\site-packages\uvicorn\config.py", line 433, in load
    self.loaded_app = import_from_string(self.app)
                      ^^^^^^^^^^^^^^^^^^^^^^^^^^^^
  File "C:\Users\DELL\AppData\Roaming\Python\Python312\site-packages\uvicorn\importer.py", line 19, in import_from_string
    module = importlib.import_module(module_str)
             ^^^^^^^^^^^^^^^^^^^^^^^^^^^^^^^^^^^
  File "C:\Python312\Lib\importlib\__init__.py", line 90, in import_module
    return _bootstrap._gcd_import(name[level:], package, level)
           ^^^^^^^^^^^^^^^^^^^^^^^^^^^^^^^^^^^^^^^^^^^^^^^^^^^^
  File "<frozen importlib._bootstrap>", line 1387, in _gcd_import
  File "<frozen importlib._bootstrap>", line 1360, in _find_and_load
  File "<frozen importlib._bootstrap>", line 1331, in _find_and_load_unlocked
  File "<frozen importlib._bootstrap>", line 935, in _load_unlocked
  File "<frozen importlib._bootstrap_external>", line 995, in exec_module
  File "<frozen importlib._bootstrap>", line 488, in _call_with_frames_removed
  File "C:\Users\DELL\Downloads\GoogleMLKit\backend\api_inference.py", line 64, in <module>
    print(f"\u26a0\ufe0f  Erreur lors du chargement du modèle de classification : {e}")
  File "C:\Python312\Lib\encodings\cp1252.py", line 19, in encode
    return codecs.charmap_encode(input,self.errors,encoding_table)[0]
           ^^^^^^^^^^^^^^^^^^^^^^^^^^^^^^^^^^^^^^^^^^^^^^^^^^^^^^^
UnicodeEncodeError: 'charmap' codec can't encode characters in position 0-1: character maps to <undefined>
C:\Users\DELL\AppData\Roaming\Python\Python312\site-packages\sklearn\base.py:376: InconsistentVersionWarning: Trying to unpickle estimator TfidfVectorizer from version 1.6.1 when using version 1.4.2. This might lead to breaking code or invalid results. Use at your own risk. For more info please refer to:
https://scikit-learn.org/stable/model_persistence.html#security-maintainability-limitations
  warnings.warn(
Process SpawnProcess-7:
Traceback (most recent call last):
  File "C:\Users\DELL\Downloads\GoogleMLKit\backend\api_inference.py", line 60, in <module>
    model = joblib.load(MODEL_PATH)
            ^^^^^^^^^^^^^^^^^^^^^^^
  File "C:\Users\DELL\AppData\Roaming\Python\Python312\site-packages\joblib\numpy_pickle.py", line 658, in load
    obj = _unpickle(fobj, filename, mmap_mode)
          ^^^^^^^^^^^^^^^^^^^^^^^^^^^^^^^^^^^^
  File "C:\Users\DELL\AppData\Roaming\Python\Python312\site-packages\joblib\numpy_pickle.py", line 577, in _unpickle
    obj = unpickler.load()
          ^^^^^^^^^^^^^^^^
  File "C:\Python312\Lib\pickle.py", line 1255, in load
    dispatch[key[0]](self)
  File "C:\Python312\Lib\pickle.py", line 1580, in load_stack_global
    self.append(self.find_class(module, name))
                ^^^^^^^^^^^^^^^^^^^^^^^^^^^^^
  File "C:\Python312\Lib\pickle.py", line 1623, in find_class
    return _getattribute(sys.modules[module], name)[0]
           ^^^^^^^^^^^^^^^^^^^^^^^^^^^^^^^^^^^^^^^^
  File "C:\Python312\Lib\pickle.py", line 326, in _getattribute
    raise AttributeError("Can't get attribute {!r} on {!r}"
AttributeError: Can't get attribute '_RemainderColsList' on <module 'sklearn.compose._column_transformer' from 'C:\\Users\\DELL\\AppData\\Roaming\\Python\\Python312\\site-packages\\sklearn\\compose\\_column_transformer.py'>

During handling of the above exception, another exception occurred:

Traceback (most recent call last):
  File "C:\Python312\Lib\multiprocessing\process.py", line 314, in _bootstrap
    self.run()
  File "C:\Python312\Lib\multiprocessing\process.py", line 108, in run
    self._target(*self._args, **self._kwargs)
  File "C:\Users\DELL\AppData\Roaming\Python\Python312\site-packages\uvicorn\_subprocess.py", line 78, in subprocess_started
    target(sockets=sockets)
  File "C:\Users\DELL\AppData\Roaming\Python\Python312\site-packages\uvicorn\server.py", line 65, in run
    return asyncio.run(self.serve(sockets=sockets))
           ^^^^^^^^^^^^^^^^^^^^^^^^^^^^^^^^^^^^^^^^
  File "C:\Python312\Lib\asyncio\runners.py", line 194, in run
    return runner.run(main)
           ^^^^^^^^^^^^^^^^
  File "C:\Python312\Lib\asyncio\runners.py", line 118, in run
    return self._loop.run_until_complete(task)
           ^^^^^^^^^^^^^^^^^^^^^^^^^^^^^^^^^^^
  File "C:\Python312\Lib\asyncio\base_events.py", line 687, in run_until_complete
    return future.result()
           ^^^^^^^^^^^^^^^
  File "C:\Users\DELL\AppData\Roaming\Python\Python312\site-packages\uvicorn\server.py", line 69, in serve
    await self._serve(sockets)
  File "C:\Users\DELL\AppData\Roaming\Python\Python312\site-packages\uvicorn\server.py", line 76, in _serve
    config.load()
  File "C:\Users\DELL\AppData\Roaming\Python\Python312\site-packages\uvicorn\config.py", line 433, in load
    self.loaded_app = import_from_string(self.app)
                      ^^^^^^^^^^^^^^^^^^^^^^^^^^^^
  File "C:\Users\DELL\AppData\Roaming\Python\Python312\site-packages\uvicorn\importer.py", line 19, in import_from_string
    module = importlib.import_module(module_str)
             ^^^^^^^^^^^^^^^^^^^^^^^^^^^^^^^^^^^
  File "C:\Python312\Lib\importlib\__init__.py", line 90, in import_module
    return _bootstrap._gcd_import(name[level:], package, level)
           ^^^^^^^^^^^^^^^^^^^^^^^^^^^^^^^^^^^^^^^^^^^^^^^^^^^^
  File "<frozen importlib._bootstrap>", line 1387, in _gcd_import
  File "<frozen importlib._bootstrap>", line 1360, in _find_and_load
  File "<frozen importlib._bootstrap>", line 1331, in _find_and_load_unlocked
  File "<frozen importlib._bootstrap>", line 935, in _load_unlocked
  File "<frozen importlib._bootstrap_external>", line 995, in exec_module
  File "<frozen importlib._bootstrap>", line 488, in _call_with_frames_removed
  File "C:\Users\DELL\Downloads\GoogleMLKit\backend\api_inference.py", line 64, in <module>
    print(f"\u26a0\ufe0f  Erreur lors du chargement du modèle de classification : {e}")
  File "C:\Python312\Lib\encodings\cp1252.py", line 19, in encode
    return codecs.charmap_encode(input,self.errors,encoding_table)[0]
           ^^^^^^^^^^^^^^^^^^^^^^^^^^^^^^^^^^^^^^^^^^^^^^^^^^^^^^^
UnicodeEncodeError: 'charmap' codec can't encode characters in position 0-1: character maps to <undefined>
WARNING:  WatchFiles detected changes in 'backend\.venv\Lib\site-packages\~klearn\feature_extraction\_hash.py', 'backend\.venv\Lib\site-packages\~klearn\linear_model\_passive_aggressive.py', 'backend\.venv\Lib\site-packages\~klearn\feature_selection\__init__.py', 'backend\.venv\Lib\site-packages\~klearn\linear_model\_glm\_newton_solver.py', 'backend\.venv\Lib\site-packages\~klearn\externals\_scipy\sparse\csgraph\_laplacian.py', 'backend\.venv\Lib\site-packages\~klearn\_build_utils\__init__.py', 'backend\.venv\Lib\site-packages\~klearn\utils\tests\test_fast_dict.py', 'backend\.venv\Lib\site-packages\~klearn\linear_model\_coordinate_descent.py', 'backend\.venv\Lib\site-packages\~klearn\model_selection\_search.py', 'backend\.venv\Lib\site-packages\~klearn\metrics\_plot\tests\test_common_curve_display.py', 'backend\.venv\Lib\site-packages\~klearn\impute\tests\test_base.py', 'backend\.venv\Lib\site-packages\~klearn\svm\tests\test_bounds.py', 'backend\.venv\Lib\site-packages\~klearn\experimental\enable_halving_search_cv.py', 'backend\.venv\Lib\site-packages\~klearn\utils\_encode.py', 'backend\.venv\Lib\site-packages\~klearn\gaussian_process\tests\__init__.py', 'backend\.venv\Lib\site-packages\~klearn\tests\test_random_projection.py', 'backend\.venv\Lib\site-packages\~klearn\linear_model\_perceptron.py', 'backend\.venv\Lib\site-packages\~klearn\utils\tests\test_indexing.py', 'backend\.venv\Lib\site-packages\~klearn\externals\_packaging\__init__.py', 'backend\.venv\Lib\site-packages\~klearn\metrics\cluster\tests\test_common.py', 'backend\.venv\Lib\site-packages\~klearn\tests\test_multiclass.py', 'backend\.venv\Lib\site-packages\~klearn\utils\tests\test_user_interface.py', 'backend\.venv\Lib\site-packages\~klearn\ensemble\_hist_gradient_boosting\gradient_boosting.py', 'backend\.venv\Lib\site-packages\~klearn\neighbors\tests\test_kde.py', 'backend\.venv\Lib\site-packages\~klearn\ensemble\tests\test_common.py', 'backend\.venv\Lib\site-packages\~klearn\decomposition\_factor_analysis.py', 'backend\.venv\Lib\site-packages\~klearn\manifold\_locally_linear.py', 'backend\.venv\Lib\site-packages\~klearn\mixture\__init__.py', 'backend\.venv\Lib\site-packages\~klearn\decomposition\_lda.py', 'backend\.venv\Lib\site-packages\~klearn\metrics\_plot\regression.py', 'backend\.venv\Lib\site-packages\~klearn\linear_model\_stochastic_gradient.py', 'backend\.venv\Lib\site-packages\~klearn\model_selection\tests\__init__.py', 'backend\.venv\Lib\site-packages\~klearn\neighbors\_unsupervised.py', 'backend\.venv\Lib\site-packages\~klearn\tree\tests\test_export.py', 'backend\.venv\Lib\site-packages\~klearn\cluster\tests\test_hierarchical.py', 'backend\.venv\Lib\site-packages\~klearn\ensemble\tests\test_iforest.py', 'backend\.venv\Lib\site-packages\~klearn\utils\tests\test_dataframe.py', 'backend\.venv\Lib\site-packages\~klearn\linear_model\tests\test_sparse_coordinate_descent.py', 'backend\.venv\Lib\site-packages\~klearn\metrics\__init__.py', 'backend\.venv\Lib\site-packages\~klearn\linear_model\tests\test_bayes.py', 'backend\.venv\Lib\site-packages\~klearn\neighbors\tests\test_nca.py', 'backend\.venv\Lib\site-packages\~klearn\ensemble\tests\test_base.py', 'backend\.venv\Lib\site-packages\~klearn\utils\tests\test_bunch.py', 'backend\.venv\Lib\site-packages\~klearn\inspection\_permutation_importance.py', 'backend\.venv\Lib\site-packages\~klearn\cluster\tests\test_birch.py', 'backend\.venv\Lib\site-packages\~klearn\externals\_array_api_compat_vendor.py', 'backend\.venv\Lib\site-packages\~klearn\metrics\tests\__init__.py', 'backend\.venv\Lib\site-packages\~klearn\feature_selection\tests\test_base.py', 'backend\.venv\Lib\site-packages\~klearn\ensemble\_hist_gradient_boosting\__init__.py', 'backend\.venv\Lib\site-packages\~klearn\feature_selection\tests\test_mutual_info.py', 'backend\.venv\Lib\site-packages\~klearn\linear_model\tests\test_sag.py', 'backend\.venv\Lib\site-packages\~klearn\preprocessing\tests\test_target_encoder.py', 'backend\.venv\Lib\site-packages\~klearn\svm\tests\test_sparse.py', 'backend\.venv\Lib\site-packages\~klearn\semi_supervised\tests\test_label_propagation.py', 'backend\.venv\Lib\site-packages\~klearn\neural_network\tests\test_stochastic_optimizers.py', 'backend\.venv\Lib\site-packages\~klearn\decomposition\_nmf.py', 'backend\.venv\Lib\site-packages\~klearn\externals\array_api_compat\torch\fft.py', 'backend\.venv\Lib\site-packages\~klearn\ensemble\_voting.py', 'backend\.venv\Lib\site-packages\~klearn\metrics\_plot\tests\test_confusion_matrix_display.py', 'backend\.venv\Lib\site-packages\~klearn\neural_network\tests\test_mlp.py', 'backend\.venv\Lib\site-packages\~klearn\feature_extraction\_stop_words.py', 'backend\.venv\Lib\site-packages\~klearn\model_selection\_validation.py', 'backend\.venv\Lib\site-packages\~klearn\ensemble\tests\test_stacking.py', 'backend\.venv\Lib\site-packages\~klearn\utils\tests\test_stats.py', 'backend\.venv\Lib\site-packages\~klearn\ensemble\tests\test_weight_boosting.py', 'backend\.venv\Lib\site-packages\~klearn\externals\array_api_compat\torch\_aliases.py', 'backend\.venv\Lib\site-packages\~klearn\tests\test_min_dependencies_readme.py', 'backend\.venv\Lib\site-packages\~klearn\svm\tests\__init__.py', 'backend\.venv\Lib\site-packages\~klearn\metrics\pairwise.py', 'backend\.venv\Lib\site-packages\~klearn\feature_selection\_mutual_info.py', 'backend\.venv\Lib\site-packages\~klearn\externals\array_api_compat\numpy\_typing.py', 'backend\.venv\Lib\site-packages\~klearn\cluster\tests\test_bicluster.py', 'backend\.venv\Lib\site-packages\~klearn\cluster\__init__.py', 'backend\.venv\Lib\site-packages\~klearn\experimental\tests\test_enable_hist_gradient_boosting.py', 'backend\.venv\Lib\site-packages\~klearn\ensemble\_stacking.py', 'backend\.venv\Lib\site-packages\~klearn\semi_supervised\_label_propagation.py', 'backend\.venv\Lib\site-packages\~klearn\impute\tests\test_common.py', 'backend\.venv\Lib\site-packages\~klearn\externals\array_api_compat\common\_linalg.py', 'backend\.venv\Lib\site-packages\~klearn\ensemble\tests\test_bagging.py', 'backend\.venv\Lib\site-packages\~klearn\metrics\_plot\tests\test_roc_curve_display.py', 'backend\.venv\Lib\site-packages\~klearn\datasets\tests\data\openml\id_2\__init__.py', 'backend\.venv\Lib\site-packages\~klearn\feature_selection\tests\test_from_model.py', 'backend\.venv\Lib\site-packages\~klearn\cross_decomposition\tests\__init__.py', 'backend\.venv\Lib\site-packages\~klearn\ensemble\_hist_gradient_boosting\tests\test_bitset.py', 'backend\.venv\Lib\site-packages\~klearn\datasets\_base.py', 'backend\.venv\Lib\site-packages\~klearn\ensemble\_hist_gradient_boosting\tests\test_histogram.py', 'backend\.venv\Lib\site-packages\~klearn\decomposition\tests\__init__.py', 'backend\.venv\Lib\site-packages\~klearn\externals\array_api_extra\_lib\_funcs.py', 'backend\.venv\Lib\site-packages\~klearn\conftest.py', 'backend\.venv\Lib\site-packages\~klearn\inspection\_pd_utils.py', 'backend\.venv\Lib\site-packages\~klearn\cluster\_hdbscan\__init__.py', 'backend\.venv\Lib\site-packages\~klearn\neighbors\_nca.py', 'backend\.venv\Lib\site-packages\~klearn\_loss\loss.py', 'backend\.venv\Lib\site-packages\~klearn\compose\tests\test_target.py', 'backend\.venv\Lib\site-packages\~klearn\utils\_array_api.py', 'backend\.venv\Lib\site-packages\~klearn\utils\graph.py', 'backend\.venv\Lib\site-packages\~klearn\datasets\_kddcup99.py', 'backend\.venv\Lib\site-packages\~klearn\feature_selection\_univariate_selection.py', 'backend\.venv\Lib\site-packages\~klearn\metrics\_plot\precision_recall_curve.py', 'backend\.venv\Lib\site-packages\~klearn\datasets\__init__.py', 'backend\.venv\Lib\site-packages\~klearn\gaussian_process\kernels.py', 'backend\.venv\Lib\site-packages\~klearn\semi_supervised\__init__.py', 'backend\.venv\Lib\site-packages\~klearn\utils\_indexing.py', 'backend\.venv\Lib\site-packages\~klearn\model_selection\tests\test_successive_halving.py', 'backend\.venv\Lib\site-packages\~klearn\linear_model\tests\test_omp.py', 'backend\.venv\Lib\site-packages\~klearn\_loss\tests\test_link.py', 'backend\.venv\Lib\site-packages\~klearn\tests\test_metaestimators_metadata_routing.py', 'backend\.venv\Lib\site-packages\~klearn\neighbors\_graph.py', 'backend\.venv\Lib\site-packages\~klearn\utils\_repr_html\params.py', 'backend\.venv\Lib\site-packages\~klearn\tree\_classes.py', 'backend\.venv\Lib\site-packages\~klearn\semi_supervised\tests\__init__.py', 'backend\.venv\Lib\site-packages\~klearn\cross_decomposition\__init__.py', 'backend\.venv\Lib\site-packages\~klearn\neural_network\tests\test_rbm.py', 'backend\.venv\Lib\site-packages\~klearn\covariance\tests\test_graphical_lasso.py', 'backend\.venv\Lib\site-packages\~klearn\datasets\_california_housing.py', 'backend\.venv\Lib\site-packages\~klearn\datasets\tests\test_samples_generator.py', 'backend\.venv\Lib\site-packages\~klearn\neighbors\_nearest_centroid.py', 'backend\.venv\Lib\site-packages\~klearn\utils\tests\test_testing.py', 'backend\.venv\Lib\site-packages\~klearn\ensemble\__init__.py', 'backend\.venv\Lib\site-packages\~klearn\datasets\tests\__init__.py', 'backend\.venv\Lib\site-packages\~klearn\utils\tests\test_tags.py', 'backend\.venv\Lib\site-packages\~klearn\neighbors\tests\test_neighbors.py', 'backend\.venv\Lib\site-packages\~klearn\utils\_plotting.py', 'backend\.venv\Lib\site-packages\~klearn\covariance\_robust_covariance.py', 'backend\.venv\Lib\site-packages\~klearn\tree\tests\test_reingold_tilford.py', 'backend\.venv\Lib\site-packages\~klearn\metrics\_ranking.py', 'backend\.venv\Lib\site-packages\~klearn\metrics\_plot\tests\test_det_curve_display.py', 'backend\.venv\Lib\site-packages\~klearn\inspection\_plot\tests\test_plot_partial_dependence.py', 'backend\.venv\Lib\site-packages\~klearn\metrics\cluster\_bicluster.py', 'backend\.venv\Lib\site-packages\~klearn\externals\conftest.py', 'backend\.venv\Lib\site-packages\~klearn\neighbors\_kde.py', 'backend\.venv\Lib\site-packages\~klearn\tests\test_config.py', 'backend\.venv\Lib\site-packages\~klearn\cluster\_birch.py', 'backend\.venv\Lib\site-packages\~klearn\impute\tests\__init__.py', 'backend\.venv\Lib\site-packages\~klearn\decomposition\_fastica.py', 'backend\.venv\Lib\site-packages\~klearn\ensemble\_forest.py', 'backend\.venv\Lib\site-packages\~klearn\metrics\_pairwise_distances_reduction\__init__.py', 'backend\.venv\Lib\site-packages\~klearn\neighbors\tests\__init__.py', 'backend\.venv\Lib\site-packages\~klearn\cluster\_bisect_k_means.py', 'backend\.venv\Lib\site-packages\~klearn\inspection\_plot\tests\__init__.py', 'backend\.venv\Lib\site-packages\~klearn\externals\array_api_compat\dask\array\_aliases.py', 'backend\.venv\Lib\site-packages\~klearn\externals\_numpydoc\docscrape.py', 'backend\.venv\Lib\site-packages\~klearn\feature_selection\_sequential.py', 'backend\.venv\Lib\site-packages\~klearn\decomposition\__init__.py', 'backend\.venv\Lib\site-packages\~klearn\externals\array_api_compat\common\_helpers.py', 'backend\.venv\Lib\site-packages\~klearn\linear_model\tests\test_least_angle.py', 'backend\.venv\Lib\site-packages\~klearn\datasets\tests\data\openml\__init__.py', 'backend\.venv\Lib\site-packages\~klearn\tests\test_public_functions.py', 'backend\.venv\Lib\site-packages\~klearn\utils\tests\__init__.py', 'backend\.venv\Lib\site-packages\~klearn\covariance\_empirical_covariance.py', 'backend\.venv\Lib\site-packages\~klearn\feature_extraction\tests\test_text.py', 'backend\.venv\Lib\site-packages\~klearn\utils\class_weight.py', 'backend\.venv\Lib\site-packages\~klearn\datasets\tests\data\openml\id_561\__init__.py', 'backend\.venv\Lib\site-packages\~klearn\covariance\_elliptic_envelope.py', 'backend\.venv\Lib\site-packages\~klearn\model_selection\_search_successive_halving.py', 'backend\.venv\Lib\site-packages\~klearn\utils\tests\test_shortest_path.py', 'backend\.venv\Lib\site-packages\~klearn\externals\array_api_compat\dask\array\_info.py', 'backend\.venv\Lib\site-packages\~klearn\svm\_bounds.py', 'backend\.venv\Lib\site-packages\~klearn\mixture\tests\test_mixture.py', 'backend\.venv\Lib\site-packages\~klearn\utils\stats.py', 'backend\.venv\Lib\site-packages\~klearn\ensemble\tests\test_voting.py', 'backend\.venv\Lib\site-packages\~klearn\feature_selection\_rfe.py', 'backend\.venv\Lib\site-packages\~klearn\model_selection\__init__.py', 'backend\.venv\Lib\site-packages\~klearn\utils\fixes.py', 'backend\.venv\Lib\site-packages\~klearn\linear_model\_glm\tests\__init__.py', 'backend\.venv\Lib\site-packages\~klearn\cluster\tests\test_mean_shift.py', 'backend\.venv\Lib\site-packages\~klearn\utils\tests\test_graph.py', 'backend\.venv\Lib\site-packages\~klearn\gaussian_process\tests\_mini_sequence_kernel.py', 'backend\.venv\Lib\site-packages\~klearn\metrics\tests\test_classification.py', 'backend\.venv\Lib\site-packages\~klearn\datasets\_rcv1.py', 'backend\.venv\Lib\site-packages\~klearn\preprocessing\_polynomial.py', 'backend\.venv\Lib\site-packages\~klearn\utils\multiclass.py', 'backend\.venv\Lib\site-packages\~klearn\tests\metadata_routing_common.py', 'backend\.venv\Lib\site-packages\~klearn\externals\_scipy\sparse\csgraph\__init__.py', 'backend\.venv\Lib\site-packages\~klearn\feature_selection\_base.py', 'backend\.venv\Lib\site-packages\~klearn\tests\test_metaestimators.py', 'backend\.venv\Lib\site-packages\~klearn\datasets\tests\data\openml\id_292\__init__.py', 'backend\.venv\Lib\site-packages\~klearn\experimental\enable_iterative_imputer.py', 'backend\.venv\Lib\site-packages\~klearn\externals\_arff.py', 'backend\.venv\Lib\site-packages\~klearn\utils\_show_versions.py', 'backend\.venv\Lib\site-packages\~klearn\datasets\tests\test_20news.py', 'backend\.venv\Lib\site-packages\~klearn\linear_model\tests\test_theil_sen.py', 'backend\.venv\Lib\site-packages\~klearn\externals\array_api_compat\dask\array\fft.py', 'backend\.venv\Lib\site-packages\~klearn\manifold\tests\test_locally_linear.py', 'backend\.venv\Lib\site-packages\~klearn\manifold\tests\test_t_sne.py', 'backend\.venv\Lib\site-packages\~klearn\externals\array_api_extra\_lib\_utils\_compat.py', 'backend\.venv\Lib\site-packages\~klearn\datasets\_openml.py', 'backend\.venv\Lib\site-packages\~klearn\datasets\data\__init__.py', 'backend\.venv\Lib\site-packages\~klearn\datasets\_samples_generator.py', 'backend\.venv\Lib\site-packages\~klearn\neighbors\tests\test_quad_tree.py', 'backend\.venv\Lib\site-packages\~klearn\utils\_available_if.py', 'backend\.venv\Lib\site-packages\~klearn\externals\array_api_compat\cupy\_aliases.py', 'backend\.venv\Lib\site-packages\~klearn\linear_model\_glm\tests\test_glm.py', 'backend\.venv\Lib\site-packages\~klearn\feature_extraction\__init__.py', 'backend\.venv\Lib\site-packages\~klearn\cross_decomposition\_pls.py', 'backend\.venv\Lib\site-packages\~klearn\neighbors\__init__.py', 'backend\.venv\Lib\site-packages\~klearn\neighbors\_classification.py', 'backend\.venv\Lib\site-packages\~klearn\utils\_repr_html\tests\__init__.py', 'backend\.venv\Lib\site-packages\~klearn\manifold\_isomap.py', 'backend\.venv\Lib\site-packages\~klearn\utils\_repr_html\tests\test_params.py', 'backend\.venv\Lib\site-packages\~klearn\datasets\_covtype.py', 'backend\.venv\Lib\site-packages\~klearn\decomposition\tests\test_kernel_pca.py', 'backend\.venv\Lib\site-packages\~klearn\cluster\tests\test_k_means.py', 'backend\.venv\Lib\site-packages\~klearn\linear_model\__init__.py', 'backend\.venv\Lib\site-packages\~klearn\calibration.py', 'backend\.venv\Lib\site-packages\~klearn\utils\tests\test_plotting.py', 'backend\.venv\Lib\site-packages\~klearn\linear_model\_theil_sen.py', 'backend\.venv\Lib\site-packages\~klearn\externals\array_api_extra\testing.py', 'backend\.venv\Lib\site-packages\~klearn\ensemble\_hist_gradient_boosting\tests\__init__.py', 'backend\.venv\Lib\site-packages\~klearn\metrics\tests\test_common.py', 'backend\.venv\Lib\site-packages\~klearn\manifold\tests\test_classical_mds.py', 'backend\.venv\Lib\site-packages\~klearn\linear_model\tests\test_quantile.py', 'backend\.venv\Lib\site-packages\~klearn\preprocessing\_function_transformer.py', 'backend\.venv\Lib\site-packages\~klearn\model_selection\_split.py', 'backend\.venv\Lib\site-packages\~klearn\utils\tests\test_set_output.py', 'backend\.venv\Lib\site-packages\~klearn\utils\tests\test_weight_vector.py', 'backend\.venv\Lib\site-packages\~klearn\discriminant_analysis.py', 'backend\.venv\Lib\site-packages\~klearn\covariance\tests\test_covariance.py', 'backend\.venv\Lib\site-packages\~klearn\datasets\tests\test_arff_parser.py', 'backend\.venv\Lib\site-packages\~klearn\externals\array_api_compat\dask\array\__init__.py', 'backend\.venv\Lib\site-packages\~klearn\utils\_pprint.py', 'backend\.venv\Lib\site-packages\~klearn\utils\_bunch.py', 'backend\.venv\Lib\site-packages\~klearn\ensemble\_hist_gradient_boosting\binning.py', 'backend\.venv\Lib\site-packages\~klearn\cluster\tests\test_bisect_k_means.py', 'backend\.venv\Lib\site-packages\~klearn\cluster\_spectral.py', 'backend\.venv\Lib\site-packages\~klearn\externals\array_api_extra\_lib\_lazy.py', 'backend\.venv\Lib\site-packages\~klearn\cluster\_hdbscan\tests\__init__.py', 'backend\.venv\Lib\site-packages\~klearn\ensemble\_base.py', 'backend\.venv\Lib\site-packages\~klearn\linear_model\tests\test_perceptron.py', 'backend\.venv\Lib\site-packages\~klearn\impute\__init__.py', 'backend\.venv\Lib\site-packages\~klearn\utils\tests\test_show_versions.py', 'backend\.venv\Lib\site-packages\~klearn\inspection\_plot\tests\test_boundary_decision_display.py', 'backend\.venv\Lib\site-packages\~klearn\feature_extraction\_dict_vectorizer.py', 'backend\.venv\Lib\site-packages\~klearn\preprocessing\_data.py', 'backend\.venv\Lib\site-packages\~klearn\utils\__init__.py', 'backend\.venv\Lib\site-packages\~klearn\gaussian_process\tests\test_gpr.py', 'backend\.venv\Lib\site-packages\~klearn\decomposition\tests\test_factor_analysis.py', 'backend\.venv\Lib\site-packages\~klearn\externals\array_api_compat\cupy\_typing.py', 'backend\.venv\Lib\site-packages\~klearn\ensemble\_hist_gradient_boosting\tests\test_monotonic_constraints.py', 'backend\.venv\Lib\site-packages\~klearn\utils\tests\test_validation.py', 'backend\.venv\Lib\site-packages\~klearn\random_projection.py', 'backend\.venv\Lib\site-packages\~klearn\preprocessing\_target_encoder.py', 'backend\.venv\Lib\site-packages\~klearn\externals\array_api_compat\__init__.py', 'backend\.venv\Lib\site-packages\~klearn\externals\array_api_compat\torch\__init__.py', 'backend\.venv\Lib\site-packages\~klearn\metrics\tests\test_dist_metrics.py', 'backend\.venv\Lib\site-packages\~klearn\utils\tests\test_mocking.py', 'backend\.venv\Lib\site-packages\~klearn\metrics\_plot\roc_curve.py', 'backend\.venv\Lib\site-packages\~klearn\decomposition\tests\test_dict_learning.py', 'backend\.venv\Lib\site-packages\~klearn\_loss\tests\test_loss.py', 'backend\.venv\Lib\site-packages\~klearn\neighbors\tests\test_ball_tree.py', 'backend\.venv\Lib\site-packages\~klearn\tests\__init__.py', 'backend\.venv\Lib\site-packages\~klearn\multioutput.py', 'backend\.venv\Lib\site-packages\~klearn\externals\array_api_compat\cupy\__init__.py', 'backend\.venv\Lib\site-packages\~klearn\tests\test_docstrings.py', 'backend\.venv\Lib\site-packages\~klearn\linear_model\tests\test_ridge.py', 'backend\.venv\Lib\site-packages\~klearn\metrics\cluster\_unsupervised.py', 'backend\.venv\Lib\site-packages\~klearn\datasets\tests\test_base.py', 'backend\.venv\Lib\site-packages\~klearn\utils\_unique.py', 'backend\.venv\Lib\site-packages\~klearn\datasets\descr\__init__.py', 'backend\.venv\Lib\site-packages\~klearn\ensemble\_iforest.py', 'backend\.venv\Lib\site-packages\~klearn\utils\tests\test_deprecation.py', 'backend\.venv\Lib\site-packages\~klearn\utils\_testing.py', 'backend\.venv\Lib\site-packages\~klearn\model_selection\tests\common.py', 'backend\.venv\Lib\site-packages\~klearn\tests\test_calibration.py', 'backend\.venv\Lib\site-packages\~klearn\utils\tests\test_sparsefuncs.py', 'backend\.venv\Lib\site-packages\~klearn\externals\array_api_compat\cupy\_info.py', 'backend\.venv\Lib\site-packages\~klearn\datasets\tests\data\openml\id_40675\__init__.py', 'backend\.venv\Lib\site-packages\~klearn\externals\array_api_extra\_lib\_utils\_typing.py', 'backend\.venv\Lib\site-packages\~klearn\cluster\tests\__init__.py', 'backend\.venv\Lib\site-packages\~klearn\feature_extraction\tests\test_image.py', 'backend\.venv\Lib\site-packages\~klearn\externals\array_api_compat\_internal.py', 'backend\.venv\Lib\site-packages\~klearn\externals\array_api_compat\numpy\_aliases.py', 'backend\.venv\Lib\site-packages\~klearn\inspection\__init__.py', 'backend\.venv\Lib\site-packages\~klearn\ensemble\_hist_gradient_boosting\tests\test_gradient_boosting.py', 'backend\.venv\Lib\site-packages\~klearn\datasets\_arff_parser.py', 'backend\.venv\Lib\site-packages\~klearn\inspection\tests\__init__.py', 'backend\.venv\Lib\site-packages\~klearn\metrics\cluster\__init__.py', 'backend\.venv\Lib\site-packages\~klearn\compose\_column_transformer.py', 'backend\.venv\Lib\site-packages\~klearn\feature_extraction\image.py', 'backend\.venv\Lib\site-packages\~klearn\frozen\_frozen.py', 'backend\.venv\Lib\site-packages\~klearn\feature_selection\tests\__init__.py', 'backend\.venv\Lib\site-packages\~klearn\feature_selection\tests\test_feature_select.py', 'backend\.venv\Lib\site-packages\~klearn\datasets\tests\test_california_housing.py', 'backend\.venv\Lib\site-packages\~klearn\ensemble\_hist_gradient_boosting\tests\test_predictor.py', 'backend\.venv\Lib\site-packages\~klearn\utils\tests\test_typedefs.py', 'backend\.venv\Lib\site-packages\~klearn\linear_model\tests\test_passive_aggressive.py', 'backend\.venv\Lib\site-packages\~klearn\experimental\__init__.py', 'backend\.venv\Lib\site-packages\~klearn\ensemble\_hist_gradient_boosting\tests\test_binning.py', 'backend\.venv\Lib\site-packages\~klearn\cluster\tests\test_affinity_propagation.py', 'backend\.venv\Lib\site-packages\~klearn\manifold\_classical_mds.py', 'backend\.venv\Lib\site-packages\~klearn\tests\test_dummy.py', 'backend\.venv\Lib\site-packages\~klearn\frozen\__init__.py', 'backend\.venv\Lib\site-packages\~klearn\_config.py', 'backend\.venv\Lib\site-packages\~klearn\neighbors\_regression.py', 'backend\.venv\Lib\site-packages\~klearn\tree\tests\test_monotonic_tree.py', 'backend\.venv\Lib\site-packages\~klearn\ensemble\tests\test_forest.py', 'backend\.venv\Lib\site-packages\~klearn\cluster\_agglomerative.py', 'backend\.venv\Lib\site-packages\~klearn\linear_model\_omp.py', 'backend\.venv\Lib\site-packages\~klearn\utils\_repr_html\__init__.py', 'backend\.venv\Lib\site-packages\~klearn\inspection\_partial_dependence.py', 'backend\.venv\Lib\site-packages\~klearn\linear_model\_huber.py', 'backend\.venv\Lib\site-packages\~klearn\inspection\_plot\__init__.py', 'backend\.venv\Lib\site-packages\~klearn\tree\tests\__init__.py', 'backend\.venv\Lib\site-packages\~klearn\utils\tests\test_class_weight.py', 'backend\.venv\Lib\site-packages\~klearn\decomposition\_incremental_pca.py', 'backend\.venv\Lib\site-packages\~klearn\linear_model\_ridge.py', 'backend\.venv\Lib\site-packages\~klearn\utils\_test_common\instance_generator.py', 'backend\.venv\Lib\site-packages\~klearn\datasets\tests\data\openml\id_1590\__init__.py', 'backend\.venv\Lib\site-packages\~klearn\tree\tests\test_fenwick.py', 'backend\.venv\Lib\site-packages\~klearn\utils\_metadata_requests.py', 'backend\.venv\Lib\site-packages\~klearn\cross_decomposition\tests\test_pls.py', 'backend\.venv\Lib\site-packages\~klearn\feature_selection\_from_model.py', 'backend\.venv\Lib\site-packages\~klearn\model_selection\tests\test_plot.py', 'backend\.venv\Lib\site-packages\~klearn\svm\_classes.py', 'backend\.venv\Lib\site-packages\~klearn\covariance\_graph_lasso.py', 'backend\.venv\Lib\site-packages\~klearn\_loss\tests\__init__.py', 'backend\.venv\Lib\site-packages\~klearn\utils\tests\test_chunking.py', 'backend\.venv\Lib\site-packages\~klearn\decomposition\tests\test_nmf.py', 'backend\.venv\Lib\site-packages\~klearn\utils\_optional_dependencies.py', 'backend\.venv\Lib\site-packages\~klearn\datasets\_twenty_newsgroups.py', 'backend\.venv\Lib\site-packages\~klearn\inspection\_plot\decision_boundary.py', 'backend\.venv\Lib\site-packages\~klearn\utils\_user_interface.py', 'backend\.venv\Lib\site-packages\~klearn\preprocessing\tests\test_function_transformer.py', 'backend\.venv\Lib\site-packages\~klearn\manifold\__init__.py', 'backend\.venv\Lib\site-packages\~klearn\impute\tests\test_knn.py', 'backend\.venv\Lib\site-packages\~klearn\datasets\tests\test_svmlight_format.py', 'backend\.venv\Lib\site-packages\~klearn\externals\array_api_compat\cupy\linalg.py', 'backend\.venv\Lib\site-packages\~klearn\linear_model\_bayes.py', 'backend\.venv\Lib\site-packages\~klearn\cluster\_hdbscan\hdbscan.py', 'backend\.venv\Lib\site-packages\~klearn\utils\estimator_checks.py', 'backend\.venv\Lib\site-packages\~klearn\metrics\_plot\tests\test_precision_recall_display.py', 'backend\.venv\Lib\site-packages\~klearn\linear_model\tests\test_sgd.py', 'backend\.venv\Lib\site-packages\~klearn\linear_model\tests\test_ransac.py', 'backend\.venv\Lib\site-packages\~klearn\experimental\enable_hist_gradient_boosting.py', 'backend\.venv\Lib\site-packages\~klearn\ensemble\_hist_gradient_boosting\tests\test_warm_start.py', 'backend\.venv\Lib\site-packages\~klearn\neural_network\_multilayer_perceptron.py', 'backend\.venv\Lib\site-packages\~klearn\mixture\tests\__init__.py', 'backend\.venv\Lib\site-packages\~klearn\feature_extraction\tests\__init__.py', 'backend\.venv\Lib\site-packages\~klearn\neighbors\_base.py', 'backend\.venv\Lib\site-packages\~klearn\decomposition\_base.py', 'backend\.venv\Lib\site-packages\~klearn\utils\metadata_routing.py', 'backend\.venv\Lib\site-packages\~klearn\neighbors\_lof.py', 'backend\.venv\Lib\site-packages\~klearn\metrics\cluster\_supervised.py', 'backend\.venv\Lib\site-packages\~klearn\externals\array_api_extra\_lib\_utils\__init__.py', 'backend\.venv\Lib\site-packages\~klearn\utils\_repr_html\estimator.py', 'backend\.venv\Lib\site-packages\~klearn\externals\array_api_compat\common\__init__.py', 'backend\.venv\Lib\site-packages\~klearn\utils\tests\test_random.py', 'backend\.venv\Lib\site-packages\~klearn\compose\_target.py', 'backend\.venv\Lib\site-packages\~klearn\compose\tests\__init__.py', 'backend\.venv\Lib\site-packages\~klearn\multiclass.py', 'backend\.venv\Lib\site-packages\~klearn\externals\array_api_compat\common\_fft.py', 'backend\.venv\Lib\site-packages\~klearn\tree\tests\test_tree.py', 'backend\.venv\Lib\site-packages\~klearn\datasets\tests\data\openml\id_40589\__init__.py', 'backend\.venv\Lib\site-packages\~klearn\tree\__init__.py', 'backend\.venv\Lib\site-packages\~klearn\feature_extraction\tests\test_dict_vectorizer.py', 'backend\.venv\Lib\site-packages\~klearn\utils\random.py', 'backend\.venv\Lib\site-packages\~klearn\cluster\tests\test_optics.py', 'backend\.venv\Lib\site-packages\~klearn\datasets\tests\test_lfw.py', 'backend\.venv\Lib\site-packages\~klearn\utils\validation.py', 'backend\.venv\Lib\site-packages\~klearn\_loss\link.py', 'backend\.venv\Lib\site-packages\~klearn\metrics\_plot\tests\test_predict_error_display.py', 'backend\.venv\Lib\site-packages\~klearn\isotonic.py', 'backend\.venv\Lib\site-packages\~klearn\decomposition\tests\test_fastica.py', 'backend\.venv\Lib\site-packages\~klearn\linear_model\_quantile.py', 'backend\.venv\Lib\site-packages\~klearn\cluster\_kmeans.py', 'backend\.venv\Lib\site-packages\~klearn\cluster\tests\common.py', 'backend\.venv\Lib\site-packages\~klearn\exceptions.py', 'backend\.venv\Lib\site-packages\~klearn\externals\array_api_compat\numpy\linalg.py', 'backend\.venv\Lib\site-packages\~klearn\datasets\tests\data\openml\id_1\__init__.py', 'backend\.venv\Lib\site-packages\~klearn\tests\test_base.py', 'backend\.venv\Lib\site-packages\~klearn\utils\_param_validation.py', 'backend\.venv\Lib\site-packages\~klearn\_build_utils\tempita.py', 'backend\.venv\Lib\site-packages\~klearn\experimental\tests\test_enable_successive_halving.py', 'backend\.venv\Lib\site-packages\~klearn\impute\_iterative.py', 'backend\.venv\Lib\site-packages\~klearn\cluster\_bicluster.py', 'backend\.venv\Lib\site-packages\~klearn\utils\tests\test_fixes.py', 'backend\.venv\Lib\site-packages\~klearn\impute\tests\test_impute.py', 'backend\.venv\Lib\site-packages\~klearn\impute\_base.py', 'backend\.venv\Lib\site-packages\~klearn\datasets\tests\data\openml\id_1119\__init__.py', 'backend\.venv\Lib\site-packages\~klearn\gaussian_process\_gpc.py', 'backend\.venv\Lib\site-packages\~klearn\linear_model\_logistic.py', 'backend\.venv\Lib\site-packages\~klearn\utils\metaestimators.py', 'backend\.venv\Lib\site-packages\~klearn\externals\__init__.py', 'backend\.venv\Lib\site-packages\~klearn\model_selection\tests\test_split.py', 'backend\.venv\Lib\site-packages\~klearn\manifold\_mds.py', 'backend\.venv\Lib\site-packages\~klearn\datasets\tests\test_rcv1.py', 'backend\.venv\Lib\site-packages\~klearn\metrics\_plot\det_curve.py', 'backend\.venv\Lib\site-packages\~klearn\decomposition\tests\test_pca.py', 'backend\.venv\Lib\site-packages\~klearn\decomposition\_sparse_pca.py', 'backend\.venv\Lib\site-packages\~klearn\_loss\__init__.py', 'backend\.venv\Lib\site-packages\~klearn\ensemble\tests\test_gradient_boosting.py', 'backend\.venv\Lib\site-packages\~klearn\preprocessing\tests\test_label.py', 'backend\.venv\Lib\site-packages\~klearn\cluster\_affinity_propagation.py', 'backend\.venv\Lib\site-packages\~klearn\utils\discovery.py', 'backend\.venv\Lib\site-packages\~klearn\inspection\tests\test_pd_utils.py', 'backend\.venv\Lib\site-packages\~klearn\utils\_dataframe.py', 'backend\.venv\Lib\site-packages\~klearn\preprocessing\tests\test_polynomial.py', 'backend\.venv\Lib\site-packages\~klearn\feature_selection\tests\test_variance_threshold.py', 'backend\.venv\Lib\site-packages\~klearn\neighbors\tests\test_kd_tree.py', 'backend\.venv\Lib\site-packages\~klearn\utils\tests\test_cython_blas.py', 'backend\.venv\Lib\site-packages\~klearn\tests\test_discriminant_analysis.py', 'backend\.venv\Lib\site-packages\~klearn\utils\optimize.py', 'backend\.venv\Lib\site-packages\~klearn\utils\_mocking.py', 'backend\.venv\Lib\site-packages\~klearn\datasets\tests\data\openml\id_3\__init__.py', 'backend\.venv\Lib\site-packages\~klearn\utils\tests\test_murmurhash.py', 'backend\.venv\Lib\site-packages\~klearn\gaussian_process\tests\test_gpc.py', 'backend\.venv\Lib\site-packages\~klearn\manifold\tests\test_mds.py', 'backend\.venv\Lib\site-packages\~klearn\externals\array_api_extra\_lib\_at.py', 'backend\.venv\Lib\site-packages\~klearn\tests\test_kernel_ridge.py', 'backend\.venv\Lib\site-packages\~klearn\utils\_mask.py', 'backend\.venv\Lib\site-packages\~klearn\datasets\tests\test_covtype.py', 'backend\.venv\Lib\site-packages\~klearn\covariance\__init__.py', 'backend\.venv\Lib\site-packages\~klearn\frozen\tests\__init__.py', 'backend\.venv\Lib\site-packages\~klearn\externals\array_api_compat\common\_typing.py', 'backend\.venv\Lib\site-packages\~klearn\cluster\tests\test_dbscan.py', 'backend\.venv\Lib\site-packages\~klearn\linear_model\tests\__init__.py', 'backend\.venv\Lib\site-packages\~klearn\feature_selection\_variance_threshold.py', 'backend\.venv\Lib\site-packages\~klearn\linear_model\tests\test_huber.py', 'backend\.venv\Lib\site-packages\~klearn\linear_model\_base.py', 'backend\.venv\Lib\site-packages\~klearn\experimental\tests\__init__.py', 'backend\.venv\Lib\site-packages\~klearn\ensemble\_hist_gradient_boosting\utils.py', 'backend\.venv\Lib\site-packages\~klearn\metrics\_scorer.py', 'backend\.venv\Lib\site-packages\~klearn\metrics\tests\test_regression.py', 'backend\.venv\Lib\site-packages\~klearn\manifold\_spectral_embedding.py', 'backend\.venv\Lib\site-packages\~klearn\manifold\tests\__init__.py', 'backend\.venv\Lib\site-packages\~klearn\metrics\cluster\tests\__init__.py', 'backend\.venv\Lib\site-packages\~klearn\manifold\tests\test_spectral_embedding.py', 'backend\.venv\Lib\site-packages\~klearn\tests\test_common.py', 'backend\.venv\Lib\site-packages\~klearn\utils\tests\test_missing.py', 'backend\.venv\Lib\site-packages\~klearn\model_selection\_classification_threshold.py', 'backend\.venv\Lib\site-packages\~klearn\externals\array_api_extra\__init__.py', 'backend\.venv\Lib\site-packages\~klearn\tests\test_multioutput.py', 'backend\.venv\Lib\site-packages\~klearn\metrics\_pairwise_distances_reduction\_dispatcher.py', 'backend\.venv\Lib\site-packages\~klearn\preprocessing\tests\test_discretization.py', 'backend\.venv\Lib\site-packages\~klearn\preprocessing\tests\test_data.py', 'backend\.venv\Lib\site-packages\~klearn\pipeline.py', 'backend\.venv\Lib\site-packages\~klearn\metrics\tests\test_pairwise.py', 'backend\.venv\Lib\site-packages\~klearn\metrics\_plot\tests\__init__.py', 'backend\.venv\Lib\site-packages\~klearn\inspection\_plot\partial_dependence.py', 'backend\.venv\Lib\site-packages\~klearn\utils\_tags.py', 'backend\.venv\Lib\site-packages\~klearn\externals\array_api_compat\common\_aliases.py', 'backend\.venv\Lib\site-packages\~klearn\neighbors\tests\test_neighbors_tree.py', 'backend\.venv\Lib\site-packages\~klearn\tests\test_isotonic.py', 'backend\.venv\Lib\site-packages\~klearn\feature_selection\tests\test_sequential.py', 'backend\.venv\Lib\site-packages\~klearn\gaussian_process\tests\test_kernels.py', 'backend\.venv\Lib\site-packages\~klearn\metrics\tests\test_ranking.py', 'backend\.venv\Lib\site-packages\~klearn\externals\_scipy\__init__.py', 'backend\.venv\Lib\site-packages\~klearn\tests\test_pipeline.py', 'backend\.venv\Lib\site-packages\~klearn\cluster\tests\test_spectral.py', 'backend\.venv\Lib\site-packages\~klearn\preprocessing\tests\test_common.py', 'backend\.venv\Lib\site-packages\~klearn\datasets\tests\data\__init__.py', 'backend\.venv\Lib\site-packages\~klearn\model_selection\_plot.py', 'backend\.venv\Lib\site-packages\~klearn\svm\_base.py', 'backend\.venv\Lib\site-packages\~klearn\metrics\_plot\__init__.py', 'backend\.venv\Lib\site-packages\~klearn\utils\parallel.py', 'backend\.venv\Lib\site-packages\~klearn\decomposition\_kernel_pca.py', 'backend\.venv\Lib\site-packages\~klearn\utils\tests\test_unique.py', 'backend\.venv\Lib\site-packages\~klearn\linear_model\_glm\__init__.py', 'backend\.venv\Lib\site-packages\~klearn\kernel_approximation.py', 'backend\.venv\Lib\site-packages\~klearn\neural_network\_stochastic_optimizers.py', 'backend\.venv\Lib\site-packages\~klearn\datasets\_svmlight_format_io.py', 'backend\.venv\Lib\site-packages\~klearn\gaussian_process\_gpr.py', 'backend\.venv\Lib\site-packages\~klearn\metrics\_regression.py', 'backend\.venv\Lib\site-packages\~klearn\preprocessing\tests\__init__.py', 'backend\.venv\Lib\site-packages\~klearn\metrics\_plot\confusion_matrix.py', 'backend\.venv\Lib\site-packages\~klearn\utils\tests\test_metaestimators.py', 'backend\.venv\Lib\site-packages\~klearn\utils\_repr_html\tests\test_js.py', 'backend\.venv\Lib\site-packages\~klearn\preprocessing\_encoders.py', 'backend\.venv\Lib\site-packages\~klearn\datasets\_lfw.py', 'backend\.venv\Lib\site-packages\~klearn\utils\extmath.py', 'backend\.venv\Lib\site-packages\~klearn\mixture\tests\test_bayesian_mixture.py', 'backend\.venv\Lib\site-packages\~klearn\linear_model\tests\test_common.py', 'backend\.venv\Lib\site-packages\~klearn\datasets\tests\test_openml.py', 'backend\.venv\Lib\site-packages\~klearn\datasets\tests\data\openml\id_40945\__init__.py', 'backend\.venv\Lib\site-packages\~klearn\utils\tests\test_mask.py', 'backend\.venv\Lib\site-packages\~klearn\neighbors\tests\test_neighbors_pipeline.py', 'backend\.venv\Lib\site-packages\~klearn\mixture\_bayesian_mixture.py', 'backend\.venv\Lib\site-packages\~klearn\utils\sparsefuncs.py', 'backend\.venv\Lib\site-packages\~klearn\tree\_export.py', 'backend\.venv\Lib\site-packages\~klearn\utils\_response.py', 'backend\.venv\Lib\site-packages\~klearn\semi_supervised\tests\test_self_training.py', 'backend\.venv\Lib\site-packages\~klearn\externals\array_api_compat\numpy\_info.py', 'backend\.venv\Lib\site-packages\~klearn\frozen\tests\test_frozen.py', 'backend\.venv\Lib\site-packages\~klearn\ensemble\_bagging.py', 'backend\.venv\Lib\site-packages\~klearn\datasets\tests\test_olivetti_faces.py', 'backend\.venv\Lib\site-packages\~klearn\ensemble\_hist_gradient_boosting\tests\test_splitting.py', 'backend\.venv\Lib\site-packages\~klearn\compose\__init__.py', 'backend\.venv\Lib\site-packages\~klearn\mixture\_gaussian_mixture.py', 'backend\.venv\Lib\site-packages\~klearn\utils\tests\test_response.py', 'backend\.venv\Lib\site-packages\~klearn\externals\array_api_extra\_lib\__init__.py', 'backend\.venv\Lib\site-packages\~klearn\svm\tests\test_svm.py', 'backend\.venv\Lib\site-packages\~klearn\cluster\_feature_agglomeration.py', 'backend\.venv\Lib\site-packages\~klearn\neural_network\tests\__init__.py', 'backend\.venv\Lib\site-packages\~klearn\utils\_set_output.py', 'backend\.venv\Lib\site-packages\~klearn\metrics\_base.py', 'backend\.venv\Lib\site-packages\~klearn\metrics\cluster\tests\test_bicluster.py', 'backend\.venv\Lib\site-packages\~klearn\externals\_packaging\_structures.py', 'backend\.venv\Lib\site-packages\~klearn\covariance\tests\test_elliptic_envelope.py', 'backend\.venv\Lib\site-packages\~klearn\utils\_repr_html\tests\test_estimator.py', 'backend\.venv\Lib\site-packages\~klearn\_min_dependencies.py', 'backend\.venv\Lib\site-packages\~klearn\svm\__init__.py', 'backend\.venv\Lib\site-packages\~klearn\externals\array_api_extra\_delegation.py', 'backend\.venv\Lib\site-packages\~klearn\ensemble\_gb.py', 'backend\.venv\Lib\site-packages\~klearn\preprocessing\__init__.py', 'backend\.venv\Lib\site-packages\~klearn\feature_extraction\tests\test_feature_hasher.py', 'backend\.venv\Lib\site-packages\~klearn\externals\array_api_compat\dask\array\linalg.py', 'backend\.venv\Lib\site-packages\~klearn\metrics\cluster\tests\test_supervised.py', 'backend\.venv\Lib\site-packages\~klearn\utils\tests\test_optimize.py', 'backend\.venv\Lib\site-packages\~klearn\linear_model\tests\test_coordinate_descent.py', 'backend\.venv\Lib\site-packages\~klearn\utils\tests\test_param_validation.py', 'backend\.venv\Lib\site-packages\~klearn\decomposition\_pca.py', 'backend\.venv\Lib\site-packages\~klearn\ensemble\_hist_gradient_boosting\grower.py', 'backend\.venv\Lib\site-packages\~klearn\tree\_reingold_tilford.py', 'backend\.venv\Lib\site-packages\~klearn\tests\test_check_build.py', 'backend\.venv\Lib\site-packages\~klearn\_distributor_init.py', 'backend\.venv\Lib\site-packages\~klearn\linear_model\tests\test_logistic.py', 'backend\.venv\Lib\site-packages\~klearn\decomposition\tests\test_online_lda.py', 'backend\.venv\Lib\site-packages\~klearn\tests\test_naive_bayes.py', 'backend\.venv\Lib\site-packages\~klearn\externals\array_api_compat\torch\_info.py', 'backend\.venv\Lib\site-packages\~klearn\externals\array_api_compat\cupy\fft.py', 'backend\.venv\Lib\site-packages\~klearn\experimental\tests\test_enable_iterative_imputer.py', 'backend\.venv\Lib\site-packages\~klearn\externals\array_api_compat\numpy\__init__.py', 'backend\.venv\Lib\site-packages\~klearn\datasets\tests\test_kddcup99.py', 'backend\.venv\Lib\site-packages\~klearn\neural_network\tests\test_base.py', 'backend\.venv\Lib\site-packages\~klearn\externals\array_api_compat\dask\__init__.py', 'backend\.venv\Lib\site-packages\~klearn\manifold\_t_sne.py', 'backend\.venv\Lib\site-packages\~klearn\_build_utils\version.py', 'backend\.venv\Lib\site-packages\~klearn\preprocessing\_label.py', 'backend\.venv\Lib\site-packages\~klearn\utils\_repr_html\base.py', 'backend\.venv\Lib\site-packages\~klearn\utils\tests\test_multiclass.py', 'backend\.venv\Lib\site-packages\~klearn\ensemble\tests\__init__.py', 'backend\.venv\Lib\site-packages\~klearn\tests\test_metadata_routing.py', 'backend\.venv\Lib\site-packages\~klearn\base.py', 'backend\.venv\Lib\site-packages\~klearn\externals\array_api_extra\_lib\_backends.py', 'backend\.venv\Lib\site-packages\~klearn\metrics\_classification.py', 'backend\.venv\Lib\site-packages\~klearn\feature_selection\tests\test_rfe.py', 'backend\.venv\Lib\site-packages\~klearn\naive_bayes.py', 'backend\.venv\Lib\site-packages\~klearn\inspection\tests\test_permutation_importance.py', 'backend\.venv\Lib\site-packages\~klearn\externals\array_api_extra\_lib\_utils\_helpers.py', 'backend\.venv\Lib\site-packages\~klearn\cluster\_hdbscan\tests\test_reachibility.py', 'backend\.venv\Lib\site-packages\~klearn\utils\tests\test_extmath.py', 'backend\.venv\Lib\site-packages\~klearn\externals\array_api_extra\_lib\_testing.py', 'backend\.venv\Lib\site-packages\~klearn\cluster\_mean_shift.py', 'backend\.venv\Lib\site-packages\~klearn\tests\test_build.py', 'backend\.venv\Lib\site-packages\~klearn\utils\tests\test_arrayfuncs.py', 'backend\.venv\Lib\site-packages\~klearn\linear_model\tests\test_linear_loss.py', 'backend\.venv\Lib\site-packages\~klearn\tests\test_docstring_parameters.py', 'backend\.venv\Lib\site-packages\~klearn\decomposition\tests\test_sparse_pca.py', 'backend\.venv\Lib\site-packages\~klearn\decomposition\tests\test_truncated_svd.py', 'backend\.venv\Lib\site-packages\~klearn\utils\tests\test_pprint.py', 'backend\.venv\Lib\site-packages\~klearn\model_selection\tests\test_validation.py', 'backend\.venv\Lib\site-packages\~klearn\tests\test_docstring_parameters_consistency.py', 'backend\.venv\Lib\site-packages\~klearn\tests\test_init.py', 'backend\.venv\Lib\site-packages\~klearn\utils\deprecation.py', 'backend\.venv\Lib\site-packages\~klearn\externals\_packaging\version.py', 'backend\.venv\Lib\site-packages\~klearn\tests\test_kernel_approximation.py', 'backend\.venv\Lib\site-packages\~klearn\datasets\_species_distributions.py', 'backend\.venv\Lib\site-packages\~klearn\manifold\tests\test_isomap.py', 'backend\.venv\Lib\site-packages\~klearn\datasets\tests\test_common.py', 'backend\.venv\Lib\site-packages\~klearn\utils\_chunking.py', 'backend\.venv\Lib\site-packages\~klearn\datasets\tests\data\openml\id_62\__init__.py', 'backend\.venv\Lib\site-packages\~klearn\utils\tests\test_arpack.py', 'backend\.venv\Lib\site-packages\~klearn\linear_model\tests\test_base.py', 'backend\.venv\Lib\site-packages\~klearn\ensemble\_weight_boosting.py', 'backend\.venv\Lib\site-packages\~klearn\decomposition\_truncated_svd.py', 'backend\.venv\Lib\site-packages\~klearn\covariance\tests\__init__.py', 'backend\.venv\Lib\site-packages\~klearn\cluster\_dbscan.py', 'backend\.venv\Lib\site-packages\~klearn\impute\_knn.py', 'backend\.venv\Lib\site-packages\~klearn\neighbors\tests\test_lof.py', 'backend\.venv\Lib\site-packages\~klearn\dummy.py', 'backend\.venv\Lib\site-packages\~klearn\utils\tests\test_array_api.py', 'backend\.venv\Lib\site-packages\~klearn\neural_network\_rbm.py', 'backend\.venv\Lib\site-packages\~klearn\linear_model\_linear_loss.py', 'backend\.venv\Lib\site-packages\~klearn\utils\tests\test_estimator_checks.py', 'backend\.venv\Lib\site-packages\~klearn\datasets\tests\data\openml\id_40966\__init__.py', 'backend\.venv\Lib\site-packages\~klearn\utils\_arpack.py', 'backend\.venv\Lib\site-packages\~klearn\kernel_ridge.py', 'backend\.venv\Lib\site-packages\~klearn\neural_network\__init__.py', 'backend\.venv\Lib\site-packages\~klearn\ensemble\_hist_gradient_boosting\predictor.py', 'backend\.venv\Lib\site-packages\~klearn\metrics\tests\test_score_objects.py', 'backend\.venv\Lib\site-packages\~klearn\decomposition\_dict_learning.py', 'backend\.venv\Lib\site-packages\~klearn\utils\tests\test_parallel.py', 'backend\.venv\Lib\site-packages\~klearn\externals\array_api_compat\torch\_typing.py', 'backend\.venv\Lib\site-packages\~klearn\utils\_missing.py', 'backend\.venv\Lib\site-packages\~klearn\semi_supervised\_self_training.py', 'backend\.venv\Lib\site-packages\~klearn\ensemble\_hist_gradient_boosting\tests\test_compare_lightgbm.py', 'backend\.venv\Lib\site-packages\~klearn\linear_model\_glm\glm.py', 'backend\.venv\Lib\site-packages\~klearn\linear_model\_sag.py', 'backend\.venv\Lib\site-packages\~klearn\utils\tests\test_seq_dataset.py', 'backend\.venv\Lib\site-packages\~klearn\linear_model\_least_angle.py', 'backend\.venv\Lib\site-packages\~klearn\metrics\cluster\tests\test_unsupervised.py', 'backend\.venv\Lib\site-packages\~klearn\cluster\_optics.py', 'backend\.venv\Lib\site-packages\~klearn\neighbors\tests\test_graph.py', 'backend\.venv\Lib\site-packages\~klearn\utils\tests\test_encode.py', 'backend\.venv\Lib\site-packages\~klearn\__init__.py', 'backend\.venv\Lib\site-packages\~klearn\utils\_test_common\__init__.py', 'backend\.venv\Lib\site-packages\~klearn\covariance\tests\test_robust_covariance.py', 'backend\.venv\Lib\site-packages\~klearn\__check_build\__init__.py', 'backend\.venv\Lib\site-packages\~klearn\preprocessing\_discretization.py', 'backend\.venv\Lib\site-packages\~klearn\feature_selection\tests\test_chi2.py', 'backend\.venv\Lib\site-packages\~klearn\decomposition\tests\test_incremental_pca.py', 'backend\.venv\Lib\site-packages\~klearn\datasets\tests\data\openml\id_42074\__init__.py', 'backend\.venv\Lib\site-packages\~klearn\ensemble\_hist_gradient_boosting\tests\test_grower.py', 'backend\.venv\Lib\site-packages\~klearn\model_selection\tests\test_classification_threshold.py', 'backend\.venv\Lib\site-packages\~klearn\datasets\tests\data\openml\id_42585\__init__.py', 'backend\.venv\Lib\site-packages\~klearn\metrics\tests\test_pairwise_distances_reduction.py', 'backend\.venv\Lib\site-packages\~klearn\datasets\tests\data\openml\id_61\__init__.py', 'backend\.venv\Lib\site-packages\~klearn\linear_model\_ransac.py', 'backend\.venv\Lib\site-packages\~klearn\datasets\_olivetti_faces.py', 'backend\.venv\Lib\site-packages\~klearn\neighbors\tests\test_nearest_centroid.py', 'backend\.venv\Lib\site-packages\~klearn\cluster\tests\test_feature_agglomeration.py', 'backend\.venv\Lib\site-packages\~klearn\feature_extraction\text.py', 'backend\.venv\Lib\site-packages\~klearn\gaussian_process\__init__.py', 'backend\.venv\Lib\site-packages\~klearn\externals\_scipy\sparse\__init__.py', 'backend\.venv\Lib\site-packages\~klearn\mixture\_base.py', 'backend\.venv\Lib\site-packages\~klearn\externals\array_api_compat\torch\linalg.py', 'backend\.venv\Lib\site-packages\~klearn\compose\tests\test_column_transformer.py', 'backend\.venv\Lib\site-packages\~klearn\cluster\tests\test_hdbscan.py', 'backend\.venv\Lib\site-packages\~klearn\preprocessing\tests\test_encoders.py', 'backend\.venv\Lib\site-packages\~klearn\model_selection\tests\test_search.py', 'backend\.venv\Lib\site-packages\~klearn\covariance\_shrunk_covariance.py', 'backend\.venv\Lib\site-packages\~klearn\datasets\images\__init__.py', 'backend\.venv\Lib\site-packages\~klearn\inspection\tests\test_partial_dependence.py', 'backend\.venv\Lib\site-packages\~klearn\neural_network\_base.py', 'backend\.venv\Lib\site-packages\~klearn\externals\array_api_compat\numpy\fft.py', 'backend\.venv\Lib\site-packages\~klearn\mixture\tests\test_gaussian_mixture.py'. Reloading...
C:\Users\DELL\AppData\Roaming\Python\Python312\site-packages\sklearn\base.py:376: InconsistentVersionWarning: Trying to unpickle estimator TfidfVectorizer from version 1.6.1 when using version 1.4.2. This might lead to breaking code or invalid results. Use at your own risk. For more info please refer to:
https://scikit-learn.org/stable/model_persistence.html#security-maintainability-limitations
  warnings.warn(
Process SpawnProcess-8:
Traceback (most recent call last):
  File "C:\Users\DELL\Downloads\GoogleMLKit\backend\api_inference.py", line 60, in <module>
    model = joblib.load(MODEL_PATH)
            ^^^^^^^^^^^^^^^^^^^^^^^
  File "C:\Users\DELL\AppData\Roaming\Python\Python312\site-packages\joblib\numpy_pickle.py", line 658, in load
    obj = _unpickle(fobj, filename, mmap_mode)
          ^^^^^^^^^^^^^^^^^^^^^^^^^^^^^^^^^^^^
  File "C:\Users\DELL\AppData\Roaming\Python\Python312\site-packages\joblib\numpy_pickle.py", line 577, in _unpickle
    obj = unpickler.load()
          ^^^^^^^^^^^^^^^^
  File "C:\Python312\Lib\pickle.py", line 1255, in load
    dispatch[key[0]](self)
  File "C:\Python312\Lib\pickle.py", line 1580, in load_stack_global
    self.append(self.find_class(module, name))
                ^^^^^^^^^^^^^^^^^^^^^^^^^^^^^
  File "C:\Python312\Lib\pickle.py", line 1623, in find_class
    return _getattribute(sys.modules[module], name)[0]
           ^^^^^^^^^^^^^^^^^^^^^^^^^^^^^^^^^^^^^^^^
  File "C:\Python312\Lib\pickle.py", line 326, in _getattribute
    raise AttributeError("Can't get attribute {!r} on {!r}"
AttributeError: Can't get attribute '_RemainderColsList' on <module 'sklearn.compose._column_transformer' from 'C:\\Users\\DELL\\AppData\\Roaming\\Python\\Python312\\site-packages\\sklearn\\compose\\_column_transformer.py'>

During handling of the above exception, another exception occurred:

Traceback (most recent call last):
  File "C:\Python312\Lib\multiprocessing\process.py", line 314, in _bootstrap
    self.run()
  File "C:\Python312\Lib\multiprocessing\process.py", line 108, in run
    self._target(*self._args, **self._kwargs)
  File "C:\Users\DELL\AppData\Roaming\Python\Python312\site-packages\uvicorn\_subprocess.py", line 78, in subprocess_started
    target(sockets=sockets)
  File "C:\Users\DELL\AppData\Roaming\Python\Python312\site-packages\uvicorn\server.py", line 65, in run
    return asyncio.run(self.serve(sockets=sockets))
           ^^^^^^^^^^^^^^^^^^^^^^^^^^^^^^^^^^^^^^^^
  File "C:\Python312\Lib\asyncio\runners.py", line 194, in run
    return runner.run(main)
           ^^^^^^^^^^^^^^^^
  File "C:\Python312\Lib\asyncio\runners.py", line 118, in run
    return self._loop.run_until_complete(task)
           ^^^^^^^^^^^^^^^^^^^^^^^^^^^^^^^^^^^
  File "C:\Python312\Lib\asyncio\base_events.py", line 687, in run_until_complete
    return future.result()
           ^^^^^^^^^^^^^^^
  File "C:\Users\DELL\AppData\Roaming\Python\Python312\site-packages\uvicorn\server.py", line 69, in serve
    await self._serve(sockets)
  File "C:\Users\DELL\AppData\Roaming\Python\Python312\site-packages\uvicorn\server.py", line 76, in _serve
    config.load()
  File "C:\Users\DELL\AppData\Roaming\Python\Python312\site-packages\uvicorn\config.py", line 433, in load
    self.loaded_app = import_from_string(self.app)
                      ^^^^^^^^^^^^^^^^^^^^^^^^^^^^
  File "C:\Users\DELL\AppData\Roaming\Python\Python312\site-packages\uvicorn\importer.py", line 19, in import_from_string
    module = importlib.import_module(module_str)
             ^^^^^^^^^^^^^^^^^^^^^^^^^^^^^^^^^^^
  File "C:\Python312\Lib\importlib\__init__.py", line 90, in import_module
    return _bootstrap._gcd_import(name[level:], package, level)
           ^^^^^^^^^^^^^^^^^^^^^^^^^^^^^^^^^^^^^^^^^^^^^^^^^^^^
  File "<frozen importlib._bootstrap>", line 1387, in _gcd_import
  File "<frozen importlib._bootstrap>", line 1360, in _find_and_load
  File "<frozen importlib._bootstrap>", line 1331, in _find_and_load_unlocked
  File "<frozen importlib._bootstrap>", line 935, in _load_unlocked
  File "<frozen importlib._bootstrap_external>", line 995, in exec_module
  File "<frozen importlib._bootstrap>", line 488, in _call_with_frames_removed
  File "C:\Users\DELL\Downloads\GoogleMLKit\backend\api_inference.py", line 64, in <module>
    print(f"\u26a0\ufe0f  Erreur lors du chargement du modèle de classification : {e}")
  File "C:\Python312\Lib\encodings\cp1252.py", line 19, in encode
    return codecs.charmap_encode(input,self.errors,encoding_table)[0]
           ^^^^^^^^^^^^^^^^^^^^^^^^^^^^^^^^^^^^^^^^^^^^^^^^^^^^^^^
UnicodeEncodeError: 'charmap' codec can't encode characters in position 0-1: character maps to <undefined>
